Workbook

Sheet Data
A1: OrderID | B1: OrderDate | C1: Customer | D1: Region | E1: Category | F1: Product | G1: Quantity | H1: UnitPrice | I1: DiscountPct | J1: SalesRep | L1: total_revenue | M1: quarter | N1: running
A2: 1000 | B2: 45860 | C2: Aarav Mehta | D2: North | E2: Home | F2: Storage Box | G2: 2 | H2: 1740.75 | I2: 0 | J2: Vikram | L2: =G2*H2 -> 3481.5 | M2: =ROUNDUP(MONTH(B2)/3,0) -> 3 | N2: =SUM($L$2:L2) -> 3481.5
A3: 1001 | B3: 45702 | C3: Aditya Iyer | D3: West | E3: Apparel | F3: Cotton T-Shirt | G3: 2 | H3: 1196.88 | I3: 10 | J3: Sneha | L3: =G3*H3 -> 2393.76 | M3: =ROUNDUP(MONTH(B3)/3,0) -> 1 | N3: =SUM($L$2:L3) -> 5875.26
A4: 1002 | B4: 45772 | C4: Nisha Reddy | D4: North | E4: Electronics | F4: Wireless Mouse | G4: 7 | H4: 365.71 | I4: 0 | J4: Amit | L4: =G4*H4 -> 2559.97 | M4: =ROUNDUP(MONTH(B4)/3,0) -> 2 | N4: =SUM($L$2:L4) -> 8435.23
A5: 1003 | B5: 45806 | C5: Aditya Iyer | D5: South | E5: Sports | F5: Water Bottle | G5: 2 | H5: 2633.47 | I5: 10 | J5: Priya | L5: =G5*H5 -> 5266.94 | M5: =ROUNDUP(MONTH(B5)/3,0) -> 2 | N5: =SUM($L$2:L5) -> 13702.17
A6: 1004 | B6: 45848 | C6: Diya Kapoor | D6: North | E6: Electronics | F6: Bluetooth Speaker | G6: 1 | H6: 2842.69 | I6: 5 | J6: Vikram | L6: =G6*H6 -> 2842.69 | M6: =ROUNDUP(MONTH(B6)/3,0) -> 3 | N6: =SUM($L$2:L6) -> 16544.86
A7: 1005 | B7: 45896 | C7: Nisha Reddy | D7: West | E7: Beauty | F7: Shampoo | G7: 6 | H7: 1453.99 | I7: 20 | J7: Priya | L7: =G7*H7 -> 8723.94 | M7: =ROUNDUP(MONTH(B7)/3,0) -> 3 | N7: =SUM($L$2:L7) -> 25268.8
A8: 1006 | B8: 45952 | C8: Rohan Gupta | D8: West | E8: Apparel | F8: Cotton T-Shirt | G8: 6 | H8: 3323.09 | I8: 0 | J8: Vikram | L8: =G8*H8 -> 19938.54 | M8: =ROUNDUP(MONTH(B8)/3,0) -> 4 | N8: =SUM($L$2:L8) -> 45207.34
A9: 1007 | B9: 45920 | C9: Aditya Iyer | D9: South | E9: Electronics | F9: Wireless Mouse | G9: 6 | H9: 811.13 | I9: 5 | J9: Sneha | L9: =G9*H9 -> 4866.78 | M9: =ROUNDUP(MONTH(B9)/3,0) -> 3 | N9: =SUM($L$2:L9) -> 50074.12
A10: 1008 | B10: 45943 | C10: Nisha Reddy | D10: East | E10: Electronics | F10: Wireless Mouse | G10: 6 | H10: 3174.53 | I10: 10 | J10: Sneha | L10: =G10*H10 -> 19047.18 | M10: =ROUNDUP(MONTH(B10)/3,0) -> 4 | N10: =SUM($L$2:L10) -> 69121.3
A11: 1009 | B11: 45693 | C11: Diya Kapoor | D11: East | E11: Sports | F11: Jump Rope | G11: 8 | H11: 3182.13 | I11: 0 | J11: Amit | L11: =G11*H11 -> 25457.04 | M11: =ROUNDUP(MONTH(B11)/3,0) -> 1 | N11: =SUM($L$2:L11) -> 94578.34
A12: 1010 | B12: 45803 | C12: Aditya Iyer | D12: East | E12: Home | F12: Wall Clock | G12: 1 | H12: 4241.82 | I12: 0 | J12: Priya | L12: =G12*H12 -> 4241.82 | M12: =ROUNDUP(MONTH(B12)/3,0) -> 2 | N12: =SUM($L$2:L12) -> 98820.16
A13: 1011 | B13: 45910 | C13: Aarav Mehta | D13: South | E13: Sports | F13: Yoga Mat | G13: 5 | H13: 712.63 | I13: 0 | J13: Sneha | L13: =G13*H13 -> 3563.15 | M13: =ROUNDUP(MONTH(B13)/3,0) -> 3 | N13: =SUM($L$2:L13) -> 102383.31
... A22: 1020 | B22: 45717 | C22: Meera Pillai | D22: West | E22: Beauty | F22: Face Serum | G22: 8 | H22: 2254.68 | I22: 0 | J22: Priya | L22: =G22*H22 -> 18037.44 | M22: =ROUNDUP(MONTH(B22)/3,0) -> 1 | N22: =SUM($L$2:L22) -> 274446.43
A23: 1021 | B23: 45793 | C23: Meera Pillai | D23: South | E23: Electronics | F23: USB Charger | G23: 1 | H23: 1042.69 | I23: 10 | J23: Rahul | L23: =G23*H23 -> 1042.69 | M23: =ROUNDUP(MONTH(B23)/3,0) -> 2
A24: 1022 | B24: 45928 | C24: Rohan Gupta | D24: North | E24: Apparel | F24: Cotton T-Shirt | G24: 5 | H24: 2405.03 | I24: 0 | J24: Rahul | L24: =G24*H24 -> 12025.15 | M24: =ROUNDUP(MONTH(B24)/3,0) -> 3
A25: 1023 | B25: 45983 | C25: Kavya Nair | D25: South | E25: Apparel | F25: Running Shorts | G25: 4 | H25: 3709.75 | I25: 15 | J25: Priya | L25: =G25*H25 -> 14839 | M25: =ROUNDUP(MONTH(B25)/3,0) -> 4
A26: 1024 | B26: 45840 | C26: Aarav Mehta | D26: North | E26: Apparel | F26: Wool Sweater | G26: 5 | H26: 2204.24 | I26: 0 | J26: Vikram | L26: =G26*H26 -> 11021.2 | M26: =ROUNDUP(MONTH(B26)/3,0) -> 3
A27: 1025 | B27: 45836 | C27: Tanvi Joshi | D27: North | E27: Home | F27: Wall Clock | G27: 4 | H27: 594.38 | I27: 5 | J27: Priya | L27: =G27*H27 -> 2377.52 | M27: =ROUNDUP(MONTH(B27)/3,0) -> 2
A28: 1026 | B28: 45905 | C28: Nisha Reddy | D28: North | E28: Home | F28: Storage Box | G28: 8 | H28: 4105.02 | I28: 0 | J28: Amit | L28: =G28*H28 -> 32840.16 | M28: =ROUNDUP(MONTH(B28)/3,0) -> 3
A29: 1027 | B29: 46022 | C29: Kavya Nair | D29: West | E29: Electronics | F29: Laptop Stand | G29: 3 | H29: 2037.57 | I29: 15 | J29: Rahul | L29: =G29*H29 -> 6112.71 | M29: =ROUNDUP(MONTH(B29)/3,0) -> 4
A30: 1028 | B30: 45895 | C30: Aditya Iyer | D30: North | E30: Electronics | F30: Laptop Stand | G30: 3 | H30: 889.52 | I30: 0 | J30: Amit | L30: =G30*H30 -> 2668.56 | M30: =ROUNDUP(MONTH(B30)/3,0) -> 3
A31: 1029 | B31: 45993 | C31: Ishaan Rao | D31: West | E31: Apparel | F31: Wool Sweater | G31: 6 | H31: 828.22 | I31: 10 | J31: Priya | L31: =G31*H31 -> 4969.32 | M31: =ROUNDUP(MONTH(B31)/3,0) -> 4
A32: 1030 | B32: 45990 | C32: Diya Kapoor | D32: South | E32: Electronics | F32: Wireless Mouse | G32: 7 | H32: 4441.49 | I32: 0 | J32: Priya | L32: =G32*H32 -> 31090.43 | M32: =ROUNDUP(MONTH(B32)/3,0) -> 4
A33: 1031 | B33: 45766 | C33: Rohan Gupta | D33: South | E33: Electronics | F33: USB Charger | G33: 6 | H33: 1278.24 | I33: 5 | J33: Priya | L33: =G33*H33 -> 7669.44 | M33: =ROUNDUP(MONTH(B33)/3,0) -> 2
A34: 1032 | B34: 45892 | C34: Nisha Reddy | D34: West | E34: Electronics | F34: USB Charger | G34: 3 | H34: 2463.44 | I34: 10 | J34: Vikram | L34: =G34*H34 -> 7390.32 | M34: =ROUNDUP(MONTH(B34)/3,0) -> 3
... A121: 1119 | B121: 45861 | C121: Rohan Gupta | D121: West | E121: Electronics | F121: Bluetooth Speaker | G121: 5 | H121: 3054.98 | I121: 5 | J121: Amit | L121: =G121*H121 -> 15274.9 | M121: =ROUNDUP(MONTH(B121)/3,0) -> 3

Sheet Formula Test
A1: Advanced Excel Formula Test
A2: Use the Data sheet (rows 2-121) as your source. Write one formula per answer cell in column B.
A4: Q1. Total revenue (Quantity x UnitPrice) for the 'Electronics' category in the 'North' region. | B4: =SUMIFS(Data!L:L,Data!E:E,"Electronics",Data!D:D,"North") -> 46201.37
A5: Q2. Count of orders placed by SalesRep 'Priya' with a DiscountPct greater than 10. | B5: =COUNTIFS(Data!J2:J121,"Priya",Data!I2:I121,">10") -> 9
A6: Q3. Look up the Product name for OrderID 1050, with a safe fallback if it isn't found. | B6: =_xlfn.XLOOKUP(1050,Data!A2:A121,Data!F2:F121,"Not found") -> Wool Sweater
A7: Q4. Average UnitPrice for 'Apparel' products sold by 'Rahul'. | B7: =AVERAGEIFS(Data!H2:H121,Data!E2:E121,"Apparel",Data!J2:J121,"Rahul") -> 2842.3675
A8: Q5. Total revenue after discount (Quantity x UnitPrice x (1-DiscountPct/100)) across the entire dataset, without adding a helper column. | B8: {=SUM(Data!G2:G121*Data!H2:H121*(1-Data!I2:I121/100))} -> 1214807.2
A9: Q6. Classify OrderID 1000's order as 'Small' (Quantity<=3), 'Medium' (4-6), or 'Large' (7+). | B9: {=_xlfn.IFS(Data!G2<=3,"Small",Data!G2<=6,"Medium",Data!G2>7,"Large")} -> Small
A10: Q7. Extract the month name and year (e.g. 'March 2025') from the OrderDate of OrderID 1010 | B10: =TEXT(Data!B12,"mmmm yyyy") -> May 2025
A11: Q8. Return the UnitPrice where Region='South' and Product='Yoga Mat', using an array-style match (no helper column). | B11: {=_xlfn.XLOOKUP(1,(Data!D2:D121="South")*(Data!F2:F121="Yoga Mat"),(Data!H2:H121),"Not Found")} -> 712.63
A12: Q9. Return a unique, alphabetically sorted list of all SalesReps as a spilled array. | B12: done in right | C12: {=_xlfn._xlws.SORT(_xlfn.UNIQUE(Data!J2:J121))} -> Amit | E12: ans10
A13: Q10. Return all OrderIDs where Region='West' AND DiscountPct=0, as a spilled array. | B13: done in right | C13: Priya | E13: {=_xlfn._xlws.FILTER(Data!A2:A121,(Data!D2:D121="West")*(Data!I2:I121=0))} -> 1006
A14: Q11. Count how many Product names contain the word 'Band' anywhere in the dataset (case-insensitive). | B14: =COUNTIF(Data!F2:F121,"*Band*") -> 3 | C14: Rahul | E14: 1012
A15: Q12. Find the SalesRep with the highest total revenue in the 'Beauty' category, using formulas only (no pivot table). | B15: =_xlfn.XLOOKUP(_xlfn.MAXIFS(Data!L2:L121,Data!E2:E121,"Beauty"),Data!L2:L121,Data!J2:J121,"not found") -> Rahul | C15: Sneha | E15: 1016
A16: Q13. Calculate the total number of unique customers who placed at least one order in the 'East' region. | B16: {=COUNTA(_xlfn.UNIQUE(_xlfn._xlws.FILTER(Data!C2:C121,Data!D2:D121="East")))} -> 8 | C16: Vikram | E16: 1020
A17: Q14. Find the second-highest UnitPrice in the entire dataset. | B17: =LARGE(Data!H2:H121,2) -> 4475.23 | E17: 1034
A18: Q15. Return the Customer name associated with the highest single-order revenue (Quantity x UnitPrice). | B18: =_xlfn.XLOOKUP(MAX(Data!L2:L121),Data!L2:L121,Data!C2:C121,"Not found") -> Aarav Mehta | E18: 1035
A19: Q16. Count the number of orders placed in Q1 2025 (Jan-Mar). | B19: =COUNTIF(Data!M2:M121,"=1") -> 32 | E19: 1036
A20: Q17. Calculate the percentage of total orders that had a DiscountPct of 0. | B20: =COUNTIF(Data!I2:I121,"=0")/COUNTA(Data!I2:I121) -> 0.5 | E20: 1037
A21: Q18. Return the most frequently ordered Product overall. | B21: {=INDEX(Data!F2:F121,_xlfn.MODE.SNGL(MATCH(Data!F2:F121,Data!F2:F121,0)))} -> Wireless Mouse | E21: 1040
A22: Q19. Find the total revenue generated by each Region, broken out into a small 4-row summary table using formulas (not a pivot table). | B22: done in right | C22: {=_xlfn.UNIQUE(Data!D2:D121)} -> North | D22: =SUMIF(Data!D2:D121,'Formula Test'!C22,Data!L2:L121) -> 352344.96 | E22: 1044
A23: Q20. Extract just the day of the week (e.g. 'Monday') for the OrderDate of OrderID 1025. | B23: =TEXT(Data!B27,"dddd") -> Saturday | C23: West | D23: =SUMIF(Data!D3:D122,'Formula Test'!C23,Data!L3:L122) -> 367354.66 | E23: 1067
A24: Q21. Return the average order value (Quantity x UnitPrice) for orders with Quantity greater than 5. | B24: =AVERAGEIF(Data!G2:G121,">5",Data!L2:L121) -> 16760.451 | C24: South | D24: =SUMIF(Data!D4:D123,'Formula Test'!C24,Data!L4:L123) -> 340737.83 | E24: 1078
A25: Q22. Find the SalesRep who has processed the most orders overall. | B25: {=INDEX(Data!J2:J121,_xlfn.MODE.SNGL(MATCH(Data!J2:J121,Data!J2:J121,0)))} -> Priya | C25: East | D25: =SUMIF(Data!D5:D124,'Formula Test'!C25,Data!L5:L124) -> 216930.49 | E25: 1085
A26: Q23. Return the number of distinct Products sold in the 'Home' category. | B26: {=COUNTA(_xlfn.UNIQUE(_xlfn._xlws.FILTER(Data!F2:F121,Data!E2:E121="Home","")))} -> 4 | E26: 1092
A27: Q24. Calculate the running total of revenue as of OrderID 1020 (i.e. cumulative revenue from OrderID 1000 through 1020). | B27: =SUM(Data!N22) -> 274446.43 | E27: 1102
A28: Q25. Return TRUE or FALSE for whether every order for SalesRep 'Sneha' has a DiscountPct under 20. | B28: {=SUMPRODUCT((Data!J2:J121="Sneha")*(Data!I2:I121<=20))=0} -> FALSE | E28: 1107
A29: Q26. Concatenate the Customer name and Region into a single string separated by a hyphen for OrderID 1005 (e.g. 'Aarav Mehta-North'). | B29: =_xlfn.TEXTJOIN("-",TRUE,Data!C7,Data!D7) -> Nisha Reddy-West
A30: Q27. Find the earliest and latest OrderDate in the dataset, displayed as a single text string like 'Jan-2025 to Dec-2025'. | B30: =_xlfn.TEXTJOIN(" to ",TRUE,C31,C32) -> Jan-2025 to Dec-2025
B31: =MIN(Data!B2:B121) -> 45658 | C31: =TEXT(B31,"mmm-yyyy") -> Jan-2025
B32: =MAX(Data!B2:B121) -> 46022 | C32: =TEXT(B32,"mmm-yyyy") -> Dec-2025
