Workbook

Sheet Gym_Data
A1: MemberID | B1: MemberName | C1: Gender | D1: Age | E1: City | F1: MembershipType | G1: JoinDate | H1: RenewalDate | I1: MonthlyFee | J1: SessionsAttended | K1: TrainerAssigned | L1: PaymentStatus | N1: Join_yr
A2: 1 | B2: Sai Sharma | C2: Female | D2: 33 | E2: Pune | F2: Basic | G2: 45136 | H2: 45166 | I2: 1200 | J2: 37 | K2: Coach Neha | L2: Paid | N2: =YEAR(G2) -> 2023
A3: 2 | B3: Reyansh Reddy | C3: Male | D3: 50 | E3: Lucknow | F3: Basic | G3: 45334 | H3: 45694 | I3: 1200 | J3: 14 | K3: Coach Neha | L3: Paid | N3: =YEAR(G3) -> 2024
A4: 3 | B4: Aarav Iyer | C4: Female | D4: 39 | E4: Hyderabad | F4: Basic | G4: 45616 | H4: 45646 | I4: 1200 | J4: 5 | K4: Coach Neha | L4: Paid | N4: =YEAR(G4) -> 2024
A5: 4 | B5: Yash Sinha | C5: Female | D5: 20 | E5: Ahmedabad | F5: Standard | G5: 45702 | H5: 45732 | I5: 2000 | J5: 35 | K5: Coach Vikram | L5: Pending | N5: =YEAR(G5) -> 2025
A6: 5 | B6: Kavya Chopra | C6: Male | D6: 22 | E6: Delhi | F6: Premium | G6: 45519 | H6: 45549 | I6: 3200 | J6: 54 | K6: Coach Simran | L6: Overdue | N6: =YEAR(G6) -> 2024
A7: 6 | B7: Rudra Singh | C7: Female | D7: 41 | E7: Bengaluru | F7: Standard | G7: 45356 | H7: 45536 | I7: 2000 | J7: 44 | K7: Coach Alisha | L7: Paid | N7: =YEAR(G7) -> 2024
A8: 7 | B8: Isha Iyer | C8: Male | D8: 28 | E8: Ahmedabad | F8: Standard | G8: 46067 | H8: 46157 | I8: 2000 | J8: 43 | K8: Coach Vikram | L8: Pending | N8: =YEAR(G8) -> 2026
A9: 8 | B9: Ishaan Patel | C9: Male | D9: 38 | E9: Kolkata | F9: Basic | G9: 45359 | H9: 45539 | I9: 1200 | J9: 13 | K9: Coach Alisha | L9: Paid | N9: =YEAR(G9) -> 2024
A10: 9 | B10: Karan Nair | C10: Female | D10: 26 | E10: Pune | F10: Premium | G10: 46030 | H10: 46210 | I10: 3200 | J10: 47 | K10: Coach Farhan | L10: Paid | N10: =YEAR(G10) -> 2026
A11: 10 | B11: Simran Joshi | C11: Female | D11: 32 | E11: Bengaluru | F11: Standard | G11: 45113 | H11: 45143 | I11: 2000 | J11: 55 | K11: Coach Raj | L11: Paid | N11: =YEAR(G11) -> 2023
A12: 11 | B12: Ananya Bhatt | C12: Male | D12: 42 | E12: Kolkata | F12: Standard | G12: 45885 | H12: 46065 | I12: 2000 | J12: 35 | K12: Coach Raj | L12: Pending | N12: =YEAR(G12) -> 2025
A13: 12 | B13: Sai Chauhan | C13: Female | D13: 39 | E13: Mumbai | F13: Basic | G13: 45250 | H13: 45610 | I13: 1200 | J13: 0 | K13: Coach Alisha | L13: Overdue | N13: =YEAR(G13) -> 2023
... A61: 60 | B61: Ayaan Gupta | C61: Female | D61: 18 | E61: Kolkata | F61: Premium | G61: 45143 | H61: 45503 | I61: 3200 | J61: 23 | K61: Coach Alisha | L61: Overdue | N61: =YEAR(G61) -> 2023

Sheet Questions
A1: Advanced Excel Formula Test — Gym Membership Dataset
A2: Data is on the 'Gym_Data' sheet. Write your formula-based answer in column C for each question. Do not hardcode results — use live formulas referencing Gym_Data.
A4: # | B4: Question | C4: Your Answer
A5: 1 | B5: Using SUMIFS, find the total MonthlyFee revenue from members whose MembershipType is 'Premium' and PaymentStatus is 'Paid'. | C5: =SUMIFS(Gym_Data!I2:I61,Gym_Data!F2:F61,"Premium",Gym_Data!L2:L61,"Paid") -> 32000
A6: 2 | B6: Using AVERAGEIFS, find the average SessionsAttended for Female members in 'Bengaluru'. | C6: =AVERAGEIFS(Gym_Data!J2:J61,Gym_Data!C2:C61,"Female",Gym_Data!E2:E61,"Bengaluru") -> 52.333333
A7: 3 | B7: Using COUNTIFS, count how many members joined (JoinDate) in the year 2025 with PaymentStatus 'Overdue'. | C7: =COUNTIFS(Gym_Data!N2:N61,2025,Gym_Data!L2:L61,"Overdue") -> 0
A8: 4 | B8: Using INDEX-MATCH, look up the TrainerAssigned for MemberID 25. | C8: =INDEX(Gym_Data!K2:K61,MATCH(25,Gym_Data!A2:A61,0)) -> Coach Raj
A9: 5 | B9: Using INDEX-MATCH with two criteria (SUMPRODUCT or array MATCH), find the MonthlyFee for the member named exactly as it appears in cell C7 combined with their City in C8 (set up two helper input cells first). | C9: {=SUMPRODUCT((Gym_Data!B2:B61=C25)*(Gym_Data!E2:E61=C26)*Gym_Data!I2:I61)} -> 1200
A10: 6 | B10: Using SUMPRODUCT, calculate the total SessionsAttended for all 'Elite' members without using SUMIFS. | C10: {=SUMPRODUCT((Gym_Data!J2:J61),(Gym_Data!F2:F61="Elite"))} -> 0
A11: 7 | B11: Using EDATE, calculate what the RenewalDate would be if every membership were exactly 6 months from JoinDate, for MemberID 10. | C11: =EDATE(Gym_Data!G11,6) -> 45297
A12: 8 | B12: Using EOMONTH, find the last day of the month in which MemberID 15 joined. | C12: =EOMONTH(Gym_Data!G16,0) -> 46022
A13: 9 | B13: Using WORKDAY, calculate the date 10 working days after MemberID 3's JoinDate (exclude weekends only, no holiday list needed). | C13: =WORKDAY(Gym_Data!G4,10) -> 45630
A14: 10 | B14: Using DATEDIF, calculate the number of full months between JoinDate and RenewalDate for MemberID 8. | C14: =DATEDIF(Gym_Data!G9,Gym_Data!H9,"M") -> 5
A15: 11 | B15: Using YEARFRAC, calculate the fraction of a year between JoinDate and RenewalDate for MemberID 20. | C15: =YEARFRAC(Gym_Data!G21,Gym_Data!H21,) -> 0.083333333
A16: 12 | B16: Using SUMIFS with a date range, find total MonthlyFee revenue from members who joined between 01-Jan-2025 and 30-Jun-2025 inclusive. | C16: =SUMIFS(Gym_Data!I2:I61, Gym_Data!G2:G61, ">="&DATE(2025,1,1), Gym_Data!G2:G61, "<="&DATE(2025,6,30)) -> 16400
A17: 13 | B17: Using MAXIFS (_xlfn.MAXIFS), find the highest SessionsAttended among 'Standard' members. | C17: =_xlfn.MAXIFS(Gym_Data!J2:J61,Gym_Data!F2:F61,"Standard") -> 55
A18: 14 | B18: Using MINIFS (_xlfn.MINIFS), find the lowest Age among members with PaymentStatus 'Pending'. | C18: =_xlfn.MINIFS(Gym_Data!D2:D61,Gym_Data!L2:L61,"Pending") -> 20
A19: 15 | B19: Using a nested IF or IFS (_xlfn.IFS), classify MemberID 1 as 'High Engagement' if SessionsAttended > 40, 'Medium Engagement' if between 15 and 40, otherwise 'Low Engagement'. | C19: =IF(Gym_Data!J2>40,"High Engagement",IF(Gym_Data!J2>=15,"Medium Engagement","Low Engagement")) -> Medium Engagement
A20: 16 | B20: Using COUNTIFS, count how many distinct membership records exist where City is 'Delhi' OR City is 'Mumbai' (hint: two COUNTIFS added together). | C20: =COUNTIFS(Gym_Data!E2:E61,"Delhi")+COUNTIFS(Gym_Data!E2:E61,"""Mumbai") -> 4
A21: 17 | B21: Using TEXTJOIN (_xlfn.TEXTJOIN), combine MemberName and City for MemberID 12 into one string separated by ' - '. | C21: =_xlfn.TEXTJOIN(" - ",TRUE,Gym_Data!B13,Gym_Data!E13) -> Sai Chauhan - Mumbai
A22: 18 | B22: Using SUMPRODUCT, calculate what percentage of total revenue (sum of MonthlyFee for all members) comes from 'Elite' membership members. Express as a formula giving a decimal (format as % if you like). | C22: {=SUMPRODUCT(Gym_Data!I2:I61,Gym_Data!F2:F61="Elite")/SUM(Gym_Data!I2:I61)} -> 0
A24: Helper inputs for Q5:
B25: Member name to look up -> | C25: Sai Sharma
B26: City to match -> | C26: Pune

Sheet Answer_Key
A1: Reference formulas (for grading) — do not edit
A2: Q1 | B2: =SUMIFS(Gym_Data!I:I,Gym_Data!F:F,"Premium",Gym_Data!L:L,"Paid") -> 32000
A3: Q2 | B3: =AVERAGEIFS(Gym_Data!J:J,Gym_Data!C:C,"Female",Gym_Data!E:E,"Bengaluru") -> 52.333333
A4: Q3 | B4: =COUNTIFS(Gym_Data!G:G,">="&DATE(2025,1,1),Gym_Data!G:G,"<="&DATE(2025,12,31),Gym_Data!L:L,"Overdue") -> 0
A5: Q4 | B5: =INDEX(Gym_Data!K:K,MATCH(25,Gym_Data!A:A,0)) -> Coach Raj
A6: Q5 | B6: =SUMPRODUCT((Gym_Data!B2:B61=Questions!C25)*(Gym_Data!E2:E61=Questions!C26)*Gym_Data!I2:I61) -> 1200
A7: Q6 | B7: =SUMPRODUCT((Gym_Data!F2:F61="Elite")*Gym_Data!J2:J61) -> 222
A8: Q7 | B8: =EDATE(INDEX(Gym_Data!G:G,MATCH(10,Gym_Data!A:A,0)),6) -> 45297
A9: Q8 | B9: =EOMONTH(INDEX(Gym_Data!G:G,MATCH(15,Gym_Data!A:A,0)),0) -> 46022
A10: Q9 | B10: =WORKDAY(INDEX(Gym_Data!G:G,MATCH(3,Gym_Data!A:A,0)),10) -> 45630
A11: Q10 | B11: =DATEDIF(INDEX(Gym_Data!G:G,MATCH(8,Gym_Data!A:A,0)),INDEX(Gym_Data!H:H,MATCH(8,Gym_Data!A:A,0)),"m") -> 5
A12: Q11 | B12: =YEARFRAC(INDEX(Gym_Data!G:G,MATCH(20,Gym_Data!A:A,0)),INDEX(Gym_Data!H:H,MATCH(20,Gym_Data!A:A,0))) -> 0.083333333
A13: Q12 | B13: =SUMIFS(Gym_Data!I:I,Gym_Data!G:G,">="&DATE(2025,1,1),Gym_Data!G:G,"<="&DATE(2025,6,30)) -> 16400
A14: Q13 | B14: =_xlfn.MAXIFS(Gym_Data!J:J,Gym_Data!F:F,"Standard") -> 55
A15: Q14 | B15: =_xlfn.MINIFS(Gym_Data!D:D,Gym_Data!L:L,"Pending") -> 20
A16: Q15 | B16: =IF(INDEX(Gym_Data!J:J,MATCH(1,Gym_Data!A:A,0))>40,"High Engagement",IF(INDEX(Gym_Data!J:J,MATCH(1,Gym_Data!A:A,0))>=15,"Medium Engagement","Low Engagement")) -> Medium Engagement
A17: Q16 | B17: =COUNTIFS(Gym_Data!E:E,"Delhi")+COUNTIFS(Gym_Data!E:E,"Mumbai") -> 10
A18: Q17 | B18: =_xlfn.TEXTJOIN(" - ",TRUE(),INDEX(Gym_Data!B:B,MATCH(12,Gym_Data!A:A,0)),INDEX(Gym_Data!E:E,MATCH(12,Gym_Data!A:A,0))) -> Sai Chauhan - Mumbai
A19: Q18 | B19: =SUMPRODUCT((Gym_Data!F2:F61="Elite")*Gym_Data!I2:I61)/SUM(Gym_Data!I2:I61) -> 0.28907923
