Workbook

Sheet Data
A1: ResID | B1: CheckInDate | C1: GuestName | D1: City | E1: RoomType | F1: Platform | G1: Nights | H1: RatePerNight | I1: TotalGuests | J1: Status | L1: nights x raterpernight | M1: year | N1: quarter
A2: 9000 | B2: 45758 | C2: Rohan Gupta | D2: Shimla | E2: Standard | F2: Booking.com | G2: 7 | H2: 2739.34 | I2: 1 | J2: Confirmed | L2: =G2*H2 -> 19175.38 | M2: =YEAR(B2) -> 2025 | N2: =ROUNDUP(MONTH(B2)/3,0) -> 2
A3: 9001 | B3: 45997 | C3: Karan Malhotra | D3: Kochi | E3: Suite | F3: Airbnb | G3: 4 | H3: 5135.34 | I3: 5 | J3: Confirmed | L3: =G3*H3 -> 20541.36 | M3: =YEAR(B3) -> 2025 | N3: =ROUNDUP(MONTH(B3)/3,0) -> 4
A4: 9002 | B4: 45981 | C4: Diya Kapoor | D4: Shimla | E4: Villa | F4: Booking.com | G4: 1 | H4: 10215.6 | I4: 2 | J4: Confirmed | L4: =G4*H4 -> 10215.6 | M4: =YEAR(B4) -> 2025 | N4: =ROUNDUP(MONTH(B4)/3,0) -> 4
A5: 9003 | B5: 45772 | C5: Diya Kapoor | D5: Udaipur | E5: Standard | F5: MakeMyTrip | G5: 1 | H5: 2371.91 | I5: 5 | J5: Confirmed | L5: =G5*H5 -> 2371.91 | M5: =YEAR(B5) -> 2025 | N5: =ROUNDUP(MONTH(B5)/3,0) -> 2
A6: 9004 | B6: 45763 | C6: Farhan Ali | D6: Jaipur | E6: Villa | F6: Booking.com | G6: 3 | H6: 7609.89 | I6: 1 | J6: Confirmed | L6: =G6*H6 -> 22829.67 | M6: =YEAR(B6) -> 2025 | N6: =ROUNDUP(MONTH(B6)/3,0) -> 2
A7: 9005 | B7: 45843 | C7: Aditya Iyer | D7: Jaipur | E7: Villa | F7: Airbnb | G7: 2 | H7: 7988.52 | I7: 2 | J7: Confirmed | L7: =G7*H7 -> 15977.04 | M7: =YEAR(B7) -> 2025 | N7: =ROUNDUP(MONTH(B7)/3,0) -> 3
A8: 9006 | B8: 45812 | C8: Rohan Gupta | D8: Mysore | E8: Deluxe | F8: Airbnb | G8: 7 | H8: 3693.92 | I8: 4 | J8: Confirmed | L8: =G8*H8 -> 25857.44 | M8: =YEAR(B8) -> 2025 | N8: =ROUNDUP(MONTH(B8)/3,0) -> 2
A9: 9007 | B9: 45994 | C9: Ishaan Rao | D9: Manali | E9: Standard | F9: Direct | G9: 7 | H9: 2221.47 | I9: 6 | J9: Confirmed | L9: =G9*H9 -> 15550.29 | M9: =YEAR(B9) -> 2025 | N9: =ROUNDUP(MONTH(B9)/3,0) -> 4
A10: 9008 | B10: 45722 | C10: Ishaan Rao | D10: Kochi | E10: Suite | F10: Airbnb | G10: 7 | H10: 5658.75 | I10: 4 | J10: Confirmed | L10: =G10*H10 -> 39611.25 | M10: =YEAR(B10) -> 2025 | N10: =ROUNDUP(MONTH(B10)/3,0) -> 1
A11: 9009 | B11: 45938 | C11: Devansh Shah | D11: Goa | E11: Standard | F11: Booking.com | G11: 2 | H11: 2293.75 | I11: 4 | J11: Confirmed | L11: =G11*H11 -> 4587.5 | M11: =YEAR(B11) -> 2025 | N11: =ROUNDUP(MONTH(B11)/3,0) -> 4
A12: 9010 | B12: 45983 | C12: Sanjay Verma | D12: Goa | E12: Villa | F12: MakeMyTrip | G12: 7 | H12: 8905.81 | I12: 6 | J12: Confirmed | L12: =G12*H12 -> 62340.67 | M12: =YEAR(B12) -> 2025 | N12: =ROUNDUP(MONTH(B12)/3,0) -> 4
A13: 9011 | B13: 45823 | C13: Devansh Shah | D13: Kochi | E13: Suite | F13: Direct | G13: 1 | H13: 6863.43 | I13: 3 | J13: Confirmed | L13: =G13*H13 -> 6863.43 | M13: =YEAR(B13) -> 2025 | N13: =ROUNDUP(MONTH(B13)/3,0) -> 2
... A129: 9127 | B129: 45818 | C129: Priyanka Rao | D129: Udaipur | E129: Villa | F129: Airbnb | G129: 6 | H129: 7581.2 | I129: 1 | J129: Confirmed | L129: =G129*H129 -> 45487.2 | M129: =YEAR(B129) -> 2025 | N129: =ROUNDUP(MONTH(B129)/3,0) -> 2

Sheet Formula Test
A1: Hotel Bookings Formula Test
A2: Use the Data sheet (rows 2-129) as your source. Write one formula per answer cell in column B. | D2: ref ans12
D3: {=_xlfn.UNIQUE(Data!D2:D129)} -> Shimla | E3: =SUMIFS(Data!L2:L129,Data!D2:D129,'Formula Test'!D3,Data!E2:E129,"Villa") -> 46222.71
A4: Q1. Total booking value (Nights x RatePerNight) for 'Suite' bookings in 'Goa'. | B4: =SUMIFS(Data!L2:L129,Data!E2:E129,"Suite",Data!D2:D129,"Goa") -> 44514.01 | D4: Kochi | E4: =SUMIFS(Data!L3:L130,Data!D3:D130,'Formula Test'!D4,Data!E3:E130,"Villa") -> 139012.45
A5: Q2. Count of bookings made through 'Airbnb' with Status='Cancelled'. | B5: =COUNTIFS(Data!F2:F129,"Airbnb",Data!J2:J129,"Cancelled") -> 7 | D5: Udaipur | E5: =SUMIFS(Data!L4:L131,Data!D4:D131,'Formula Test'!D5,Data!E4:E131,"Villa") -> 98220.66
A6: Q3. Look up the City for ResID 9060, with a safe fallback if it isn't found. | B6: =_xlfn.XLOOKUP(9060,Data!A2:A129,Data!D2:D129,"null",0) -> Shimla | D6: Jaipur | E6: =SUMIFS(Data!L5:L132,Data!D5:D132,'Formula Test'!D6,Data!E5:E132,"Villa") -> 112938.99
A7: Q4. Average RatePerNight for 'Deluxe' rooms booked via 'MakeMyTrip'. | B7: =AVERAGEIFS(Data!H2:H129,Data!E2:E129,"Deluxe",Data!F2:F129,"MakeMyTrip") -> 3866.1175 | D7: Mysore | E7: =SUMIFS(Data!L6:L133,Data!D6:D133,'Formula Test'!D7,Data!E6:E133,"Villa") -> 80896.75
A8: Q5. Total booking value across the entire dataset for Status='Confirmed' only, without adding a helper column. | B8: =SUMIF(Data!J2:J129,"Confirmed",Data!L2:L129) -> 1901039.7 | D8: Manali | E8: =SUMIFS(Data!L7:L134,Data!D7:D134,'Formula Test'!D8,Data!E7:E134,"Villa") -> 230435.34
A9: Q6. Classify ResID 9000's stay as 'Short' (Nights<=2), 'Medium' (3-5), or 'Long' (6+). | B9: =IF(Data!G2<=2,"Short",IF(Data!G2<=5,"Medium","Long")) -> Long | D9: Goa | E9: =SUMIFS(Data!L8:L135,Data!D8:D135,'Formula Test'!D9,Data!E8:E135,"Villa") -> 402125.35
A10: Q7. Extract the month name and year (e.g. 'March 2025') from the CheckInDate of ResID 9015. | B10: =TEXT(Data!B17,"mmmm yyyy") -> May 2025
A11: Q8. Return the RatePerNight where City='Manali' and RoomType='Villa', using an array-style match (no helper column). | B11: {=SUMPRODUCT((Data!D2:D129="Manali")*(Data!E2:E129="Villa"),Data!H2:H129)} -> 48898.66 | D11: ans9 | F11: ans10
A12: Q9. Return a unique, alphabetically sorted list of all Platforms as a spilled array. | B12: done in right | D12: {=_xlfn._xlws.SORT(_xlfn.UNIQUE(Data!F2:F129))} -> Airbnb | F12: {=_xlfn._xlws.FILTER(Data!A2:A129,(Data!E2:E129="Suite")*(Data!J2:J129="Confirmed"))} -> 9001
A13: Q10. Return all ResIDs where RoomType='Suite' AND Status='Confirmed', as a spilled array. | B13: done in right | D13: Booking.com | F13: 9008
A14: Q11. Count how many GuestNames contain 'Malhotra' anywhere in the dataset. | B14: =COUNTIF(Data!C2:C129,"*Malhotra*") -> 7 | D14: Direct | F14: 9011
A15: Q12. Find the City with the highest total booking value among 'Villa' bookings, using formulas only (no pivot table). | B15: =_xlfn.XLOOKUP(MAX(E3:E9),E3:E9,D3:D9,"null",0) -> Goa | D15: Goibibo | F15: 9019
A16: Q13. Calculate the total number of unique GuestNames who booked a 'Suite'. | B16: {=COUNTA(_xlfn.UNIQUE(_xlfn._xlws.FILTER(Data!C2:C129,Data!E2:E129="Suite","null")))} -> 15 | D16: MakeMyTrip | F16: 9022
A17: Q14. Find the second-lowest RatePerNight in the entire dataset. | B17: =SMALL(Data!H2:H129,2) -> 1989.21 | F17: 9024
A18: Q15. Return the GuestName associated with the highest single TotalGuests count on record. | B18: =_xlfn.XLOOKUP(MAX(Data!I2:I129),Data!I2:I129,Data!C2:C129) -> Ishaan Rao | F18: 9029
A19: Q16. Count the number of bookings made in Q3 2025 (Jul-Sep). | B19: =COUNTIFS(Data!N2:N129,3,Data!M2:M129,2025) -> 42 | F19: 9030
A20: Q17. Calculate the percentage of bookings with Status='No Show'. | B20: =COUNTIF(Data!J2:J129,"No Show")/COUNTA(Data!J2:J129) -> 0.0546875 | F20: 9033
A21: Q18. Return the most frequently booked RoomType overall. | B21: {=INDEX(Data!E2:E129,MATCH(MAX(COUNTIF(Data!E2:E129,Data!E2:E129)),COUNTIF(Data!E2:E129,Data!E2:E129),0))} -> Suite | D21: ans19 | F21: 9035
A22: Q19. Find the total booking value generated by each Platform, broken out into a small 5-row summary table using formulas (not a pivot table). | B22: done in right | D22: {=_xlfn.UNIQUE(Data!F2:F129)} -> Booking.com | E22: =SUMIF(Data!F2:F129,'Formula Test'!D22,Data!L2:L129) -> 617003.9 | F22: 9038
A23: Q20. Extract just the day of the week (e.g. 'Monday') for the CheckInDate of ResID 9030. | B23: =TEXT(Data!B32,"dddd") -> Friday | D23: Airbnb | E23: =SUMIF(Data!F3:F130,'Formula Test'!D23,Data!L3:L130) -> 603753.13 | F23: 9039
A24: Q21. Return the average Nights for bookings with RatePerNight greater than 5000. | B24: =AVERAGEIF(Data!H2:H129,">5000",Data!G2:G129) -> 3.5692308 | D24: MakeMyTrip | E24: =SUMIF(Data!F4:F131,'Formula Test'!D24,Data!L4:L131) -> 267291.54 | F24: 9042
A25: Q22. Find the RoomType that appears most often for bookings with TotalGuests greater than 4. | B25: =_xlfn.XLOOKUP(MAX(E30:E33),E30:E33,D30:D33,"",0) -> Standard | D25: Direct | E25: =SUMIF(Data!F5:F132,'Formula Test'!D25,Data!L5:L132) -> 500854.93 | F25: 9044
A26: Q23. Return the number of distinct RoomTypes booked in 'Kochi'. | B26: {=COUNTA(_xlfn.UNIQUE(_xlfn._xlws.FILTER(Data!E2:E129,Data!D2:D129="Kochi","null")))} -> 4 | D26: Goibibo | E26: =SUMIF(Data!F6:F133,'Formula Test'!D26,Data!L6:L133) -> 500539.14 | F26: 9050
A27: Q24. Calculate the total number of days between ResID 9010's CheckInDate and today's date. | B27: =DATEDIF(Data!B12,TODAY(),"D") -> 227 | F27: 9057
A28: Q25. Return TRUE or FALSE for whether every 'Villa' booking has TotalGuests of 2 or more. | B28: {=SUMPRODUCT((Data!E2:E129="Villa")*(Data!I2:I129<2))=0} -> FALSE | F28: 9067
A29: Q26. Concatenate the GuestName and City into a single string separated by a hyphen for ResID 9025 (e.g. 'Aarav Mehta-Goa'). | B29: =_xlfn.TEXTJOIN("-",TRUE,Data!C27,Data!D27) -> Rohan Gupta-Mysore | D29: ref ans22 | F29: 9069
A30: Q27. Find the earliest and latest CheckInDate in the dataset, displayed as a single text string like 'Jan-2025 to Dec-2025'. | B30: =_xlfn.TEXTJOIN(" to ",TRUE,B33,B34) -> Jan 2025 to Dec 2025 | D30: {=_xlfn.UNIQUE(Data!E2:E129)} -> Standard | E30: =COUNTIFS(Data!E2:E129,'Formula Test'!D30,Data!I2:I129,">4") -> 11 | F30: 9075
D31: Suite | E31: =COUNTIFS(Data!E3:E130,'Formula Test'!D31,Data!I3:I130,">4") -> 9 | F31: 9080
B32: ref ans27 | D32: Villa | E32: =COUNTIFS(Data!E4:E131,'Formula Test'!D32,Data!I4:I131,">4") -> 8 | F32: 9081
B33: =TEXT(MIN(Data!B2:B129),"mmm yyyy") -> Jan 2025 | D33: Deluxe | E33: =COUNTIFS(Data!E5:E132,'Formula Test'!D33,Data!I5:I132,">4") -> 5 | F33: 9086
B34: =TEXT(MAX(Data!B3:B130),"mmm yyyy") -> Dec 2025 | F34: 9097
F35: 9104
F36: 9105
F37: 9111
F38: 9113
F39: 9124
F40: 9125
