Workbook

Sheet Data
A1: OrderID | B1: OrderDate | C1: CustomerName | D1: Region | E1: Category | F1: Product | G1: Quantity | H1: UnitPrice | I1: TotalAmount | J1: PaymentMethod | K1: month
A2: ORD2001 | B2: 45813 | C2: Ananya Kapoor | D2: West | E2: Electronics | F2: Wireless Mouse | G2: 9 | H2: 2929.18 | I2: =G2*H2 -> 26362.62 | J2: UPI | K2: =MONTH(B2) -> 6
A3: ORD2002 | B3: 46006 | C3: Navya Reddy | D3: Central | E3: Apparel | F3: Cap | G3: 8 | H3: 483.5 | I3: =G3*H3 -> 3868 | J3: Credit Card | K3: =MONTH(B3) -> 12
A4: ORD2003 | B4: 45934 | C4: Kiara Bhatt | D4: North | E4: Electronics | F4: USB-C Cable | G4: 10 | H4: 4966.52 | I4: =G4*H4 -> 49665.2 | J4: Net Banking | K4: =MONTH(B4) -> 10
A5: ORD2004 | B5: 45949 | C5: Ananya Kapoor | D5: East | E5: Electronics | F5: Laptop Stand | G5: 6 | H5: 965.03 | I5: =G5*H5 -> 5790.18 | J5: Credit Card | K5: =MONTH(B5) -> 10
A6: ORD2005 | B6: 46163 | C6: Diya Verma | D6: South | E6: Home | F6: Cushion Cover | G6: 4 | H6: 2079.8 | I6: =G6*H6 -> 8319.2 | J6: Net Banking | K6: =MONTH(B6) -> 5
A7: ORD2006 | B7: 45740 | C7: Ayaan Verma | D7: West | E7: Apparel | F7: Cap | G7: 5 | H7: 4434.41 | I7: =G7*H7 -> 22172.05 | J7: Net Banking | K7: =MONTH(B7) -> 3
A8: ORD2007 | B8: 45943 | C8: Diya Chopra | D8: East | E8: Apparel | F8: Denim Jacket | G8: 3 | H8: 552.48 | I8: =G8*H8 -> 1657.44 | J8: Debit Card | K8: =MONTH(B8) -> 10
A9: ORD2008 | B9: 45895 | C9: Kabir Joshi | D9: North | E9: Apparel | F9: Cap | G9: 3 | H9: 1424.32 | I9: =G9*H9 -> 4272.96 | J9: Credit Card | K9: =MONTH(B9) -> 8
A10: ORD2009 | B10: 45807 | C10: Diya Chopra | D10: Central | E10: Home | F10: Photo Frame | G10: 10 | H10: 1695.27 | I10: =G10*H10 -> 16952.7 | J10: Debit Card | K10: =MONTH(B10) -> 5
A11: ORD2010 | B11: 46185 | C11: Diya Verma | D11: West | E11: Grocery | F11: Oats Pack | G11: 7 | H11: 2085.05 | I11: =G11*H11 -> 14595.35 | J11: Credit Card | K11: =MONTH(B11) -> 6
A12: ORD2011 | B12: 46151 | C12: Pari Kapoor | D12: North | E12: Stationery | F12: Notebook | G12: 4 | H12: 2287.04 | I12: =G12*H12 -> 9148.16 | J12: Credit Card | K12: =MONTH(B12) -> 5
A13: ORD2012 | B13: 46006 | C13: Diya Verma | D13: North | E13: Electronics | F13: Webcam | G13: 3 | H13: 2752.6 | I13: =G13*H13 -> 8257.8 | J13: UPI | K13: =MONTH(B13) -> 12
... A131: ORD2130 | B131: 45749 | C131: Anika Joshi | D131: Central | E131: Stationery | F131: Gel Pen Set | G131: 6 | H131: 1523.98 | I131: =G131*H131 -> 9143.88 | J131: Cash on Delivery | K131: =MONTH(B131) -> 4

Sheet Formula_Practice
A1: # | B1: Question | C1: Your Formula / Answer
A2: 1 | B2: Your manager wants total revenue for June 2025 only. Calculate total TotalAmount for orders placed in June 2025. | C2: =SUMIFS(Data!I:I,Data!B:B,">="&DATE(2025,6,1),Data!B:B,"<="&DATE(2025,7,1)) -> 61520.28
A3: 2 | B3: Finance wants to know the single highest revenue order and who placed it. Find the CustomerName of the order with the highest TotalAmount. | C3: =INDEX(Data!C:C,MATCH(MAX(Data!I:I),Data!I:I,0)) -> Kiara Bhatt
A4: 3 | B4: The team suspects Cash on Delivery orders skew the average order value. Calculate the average TotalAmount for Cash on Delivery orders only. | C4: =AVERAGEIF(Data!J:J,"Cash on Delivery",Data!I:I) -> 13388.111
A5: 4 | B5: Ops wants orders flagged as 'Bulk' if Quantity is 8 or more, else 'Regular'. Write this formula for the first order. | C5: =IF(Data!G2>=8,"Bulk","Regular") -> Bulk
A6: 5 | B6: Leadership wants the North region's share of total revenue as a percentage of overall revenue. | C6: =SUMIF(Data!D:D,"North",Data!I:I)/SUM(Data!I:I) -> 0.2559239
A7: 6 | B7: HR/Ops wants to know how many unique customers placed orders (not total orders — distinct customers). | C7: =COUNTA(_xlfn.UNIQUE(Data!C2:C131)) -> 33
A8: 7 | B8: Which customer placed the most orders overall? Return their name (the customer appearing most often). | C8: {=INDEX(Data!C2:C131,MODE(MATCH(Data!C2:C131,Data!C2:C131,0)))} -> Ananya Kapoor
A9: 8 | B9: Calculate the average order value (TotalAmount) for the West region only. | C9: =AVERAGEIF(Data!D:D,"West",Data!I:I) -> 12771.539
A10: 9 | B10: In case the top order is an outlier, find the second highest single order amount in the dataset. | C10: =LARGE(Data!I:I,2) -> 47891
A11: 10 | B11: Find the combined revenue of the top 3 highest-value orders. | C11: {=SUM(LARGE(Data!I:I,{1,2,3}))} -> 140583.3
A12: 11 | B12: The payments team wants combined order count for UPI and Net Banking payments together. | C12: {=SUM(COUNTIF(Data!J:J,{"UPI","Net Banking"}))} -> 54
A13: 12 | B13: Data quality check: count how many rows have Quantity equal to 0 or blank (should be 0 if data is clean). | C13: =COUNTIF(Data!G:G,"=0") -> 0
A14: 13 | B14: What percentage of all orders belong to the Electronics category? | C14: =COUNTIF(Data!E2:E131,"Electronics")/COUNTA(Data!E2:E131) -> 0.14615385
A15: 14 | B15: Return the CustomerName associated with the single highest TotalAmount in the dataset. | C15: =INDEX(Data!A1:K131,MATCH(MAX(Data!I:I),Data!I:I,0),3) -> Kiara Bhatt
A16: 15 | B16: Write a formula that returns 'Above Average' or 'Below Average' for the first order's TotalAmount, compared to the overall average order value. | C16: =IF(Data!I2>AVERAGE(Data!I:I),"Above Average","Below Average") -> Above Average
A17: 16 | B17: Calculate total revenue from orders that are EITHER 'Electronics' OR 'Apparel' category (OR condition). | C17: {=SUM(SUMIF(Data!E:E,{"Electronics","Apparel"},Data!I:I))} -> 573929.17
A18: 17 | B18: Count orders that are 'Grocery' category AND paid via 'UPI' AND have Quantity less than 3 (three conditions). | C18: =COUNTIFS(Data!E:E,"Grocery",Data!J:J,"UPI",Data!G:G,"<3") -> 2
A19: 18 | B19: Find the earliest OrderDate and the latest OrderDate in the dataset (two separate answers). | C19: =MIN(Data!B:B) -> 45659 | D19: =MAX(Data!B:B) -> 46198
A20: 19 | B20: Extract just the year from the first order's OrderDate. | C20: =YEAR(Data!B2) -> 2025
A21: 20 | B21: Without using a Pivot Table, find total revenue for the 'Electronics' category using formulas only, then find it for 'Home' category too — compare which is higher. | C21: =SUMIF(Data!E:E,"Electronics",Data!I:I) -> 322133.06 | D21: =SUMIF(Data!E:E,"Home",Data!I:I) -> 365564.64 | E21: Home is higher
B23: Note: All questions refer to the 'Data' sheet (range A2:J131).
