Workbook

Sheet Data
A1: OrderID | B1: OrderDate | C1: CustomerName | D1: Region | E1: Category | F1: Product | G1: Quantity | H1: UnitPrice | I1: TotalAmount | J1: PaymentMethod | K1: month | L1: weekday | M1: quarter | N1: mod | O1: ans11
A2: ORD3001 | B2: 45668 | C2: Riya Mehta | D2: North | E2: Grocery | F2: Honey Jar | G2: 9 | H2: 1226.86 | I2: =G2*H2 -> 11041.74 | J2: Cash on Delivery | K2: =MONTH(B2) -> 1 | L2: =WEEKDAY(B2,2) -> 6 | M2: =ROUNDUP(MONTH(B2)/3,0) -> 1 | N2: =MOD(G2,2) -> 1 | O2: =SUMPRODUCT(Data!G2:G151,Data!H2:H151)/SUM(Data!G2:G151) -> 2474.6428
A3: ORD3002 | B3: 45821 | C3: Myra Mehta | D3: Central | E3: Electronics | F3: Bluetooth Speaker | G3: 3 | H3: 3188.51 | I3: =G3*H3 -> 9565.53 | K3: =MONTH(B3) -> 6 | L3: =WEEKDAY(B3,2) -> 5 | M3: =ROUNDUP(MONTH(B3)/3,0) -> 2 | N3: =MOD(G3,2) -> 1
A4: ORD3003 | B4: 45828 | C4: Myra Patel | D4: Central | E4: Home | F4: Cushion Cover | G4: 2 | H4: 968.16 | I4: =G4*H4 -> 1936.32 | K4: =MONTH(B4) -> 6 | L4: =WEEKDAY(B4,2) -> 5 | M4: =ROUNDUP(MONTH(B4)/3,0) -> 2 | N4: =MOD(G4,2) -> 0
A5: ORD3004 | B5: 45668 | C5: Anika Nair | D5: East | E5: Stationery | F5: Notebook | G5: 9 | H5: 4508.68 | I5: =G5*H5 -> 40578.12 | J5: Debit Card | K5: =MONTH(B5) -> 1 | L5: =WEEKDAY(B5,2) -> 6 | M5: =ROUNDUP(MONTH(B5)/3,0) -> 1 | N5: =MOD(G5,2) -> 1
A6: ORD3005 | B6: 45866 | C6: Aditya Kumar | D6: Central | E6: Electronics | F6: USB-C Cable | G6: 8 | H6: 2604.75 | I6: =G6*H6 -> 20838 | K6: =MONTH(B6) -> 7 | L6: =WEEKDAY(B6,2) -> 1 | M6: =ROUNDUP(MONTH(B6)/3,0) -> 3 | N6: =MOD(G6,2) -> 0
A7: ORD3006 | B7: 45784 | C7: Vivaan Malhotra | D7: South | E7: Grocery | F7: Green Tea Pack | G7: 8 | H7: 4055.62 | I7: =G7*H7 -> 32444.96 | K7: =MONTH(B7) -> 5 | L7: =WEEKDAY(B7,2) -> 3 | M7: =ROUNDUP(MONTH(B7)/3,0) -> 2 | N7: =MOD(G7,2) -> 0
A8: ORD3007 | B8: 45905 | C8: Anika Reddy | D8: East | E8: Electronics | F8: USB-C Cable | G8: 5 | H8: 318.59 | I8: =G8*H8 -> 1592.95 | J8: Debit Card | K8: =MONTH(B8) -> 9 | L8: =WEEKDAY(B8,2) -> 5 | M8: =ROUNDUP(MONTH(B8)/3,0) -> 3 | N8: =MOD(G8,2) -> 1
A9: ORD3008 | B9: 45745 | C9: Arjun Patel | D9: North | E9: Home | F9: Cushion Cover | G9: 3 | H9: 3767.36 | I9: =G9*H9 -> 11302.08 | J9: Net Banking | K9: =MONTH(B9) -> 3 | L9: =WEEKDAY(B9,2) -> 6 | M9: =ROUNDUP(MONTH(B9)/3,0) -> 1 | N9: =MOD(G9,2) -> 1
A10: ORD3009 | B10: 45683 | C10: Riya Bhatt | D10: South | E10: Grocery | F10: Oats Pack | G10: 1 | H10: 4771.22 | I10: =G10*H10 -> 4771.22 | K10: =MONTH(B10) -> 1 | L10: =WEEKDAY(B10,2) -> 7 | M10: =ROUNDUP(MONTH(B10)/3,0) -> 1 | N10: =MOD(G10,2) -> 1
A11: ORD3010 | B11: 45845 | C11: Pari Joshi | D11: East | E11: Grocery | F11: Oats Pack | G11: 8 | H11: 2968.53 | I11: =G11*H11 -> 23748.24 | K11: =MONTH(B11) -> 7 | L11: =WEEKDAY(B11,2) -> 1 | M11: =ROUNDUP(MONTH(B11)/3,0) -> 3 | N11: =MOD(G11,2) -> 0
A12: ORD3011 | B12: 45902 | C12: Aarav Kumar | D12: South | E12: Grocery | F12: Honey Jar | G12: 5 | H12: 825.66 | I12: =G12*H12 -> 4128.3 | K12: =MONTH(B12) -> 9 | L12: =WEEKDAY(B12,2) -> 2 | M12: =ROUNDUP(MONTH(B12)/3,0) -> 3 | N12: =MOD(G12,2) -> 1
A13: ORD3012 | B13: 45663 | C13: Saanvi Bhatt | D13: South | E13: Electronics | F13: USB-C Cable | G13: 10 | H13: 1731.92 | I13: =G13*H13 -> 17319.2 | J13: Debit Card | K13: =MONTH(B13) -> 1 | L13: =WEEKDAY(B13,2) -> 1 | M13: =ROUNDUP(MONTH(B13)/3,0) -> 1 | N13: =MOD(G13,2) -> 0
A14: ORD3013 | B14: 45957 | C14: Meera Verma | D14: East | E14: Apparel | F14: Denim Jacket | G14: 3 | H14: 838.54 | I14: =G14*H14 -> 2515.62 | J14: Net Banking | K14: =MONTH(B14) -> 10 | L14: =WEEKDAY(B14,2) -> 1 | M14: =ROUNDUP(MONTH(B14)/3,0) -> 4 | N14: =MOD(G14,2) -> 1
A15: ORD3014 | B15: 45706 | C15: Amara Nair | D15: North | E15: Apparel | F15: Denim Jacket | G15: 2 | H15: 4356.58 | I15: =G15*H15 -> 8713.16 | K15: =MONTH(B15) -> 2 | L15: =WEEKDAY(B15,2) -> 2 | M15: =ROUNDUP(MONTH(B15)/3,0) -> 1 | N15: =MOD(G15,2) -> 0
A16: ORD3015 | B16: 45802 | C16: Aarav Rao | D16: East | E16: Grocery | F16: Olive Oil 1L | G16: 7 | H16: 2545.25 | I16: =G16*H16 -> 17816.75 | J16: Debit Card | K16: =MONTH(B16) -> 5 | L16: =WEEKDAY(B16,2) -> 7 | M16: =ROUNDUP(MONTH(B16)/3,0) -> 2 | N16: =MOD(G16,2) -> 1
A17: ORD3016 | B17: 45976 | C17: Aditya Kumar | D17: South | E17: Stationery | F17: Highlighter Pack | G17: 4 | H17: 3593.38 | I17: =G17*H17 -> 14373.52 | J17: Cash on Delivery | K17: =MONTH(B17) -> 11 | L17: =WEEKDAY(B17,2) -> 6 | M17: =ROUNDUP(MONTH(B17)/3,0) -> 4 | N17: =MOD(G17,2) -> 0
A18: ORD3017 | B18: 45681 | C18: Aarav Gupta | D18: Central | E18: Electronics | F18: Wireless Mouse | G18: 7 | H18: 2399.82 | I18: =G18*H18 -> 16798.74 | J18: Credit Card | K18: =MONTH(B18) -> 1 | L18: =WEEKDAY(B18,2) -> 5 | M18: =ROUNDUP(MONTH(B18)/3,0) -> 1 | N18: =MOD(G18,2) -> 1
A19: ORD3018 | B19: 45861 | C19: Ananya Bhatt | D19: South | E19: Stationery | F19: Sticky Notes | G19: 10 | H19: 1671.04 | I19: =G19*H19 -> 16710.4 | J19: Credit Card | K19: =MONTH(B19) -> 7 | L19: =WEEKDAY(B19,2) -> 3 | M19: =ROUNDUP(MONTH(B19)/3,0) -> 3 | N19: =MOD(G19,2) -> 0
A20: ORD3019 | B20: 45783 | C20: Saanvi Bhatt | D20: South | E20: Home | F20: Wall Clock | G20: 9 | H20: 4044.91 | I20: =G20*H20 -> 36404.19 | J20: Net Banking | K20: =MONTH(B20) -> 5 | L20: =WEEKDAY(B20,2) -> 2 | M20: =ROUNDUP(MONTH(B20)/3,0) -> 2 | N20: =MOD(G20,2) -> 1
A21: ORD3020 | B21: 45951 | C21: Kiara Nair | D21: Central | E21: Grocery | F21: Green Tea Pack | G21: 9 | H21: 3034.61 | I21: =G21*H21 -> 27311.49 | J21: UPI | K21: =MONTH(B21) -> 10 | L21: =WEEKDAY(B21,2) -> 2 | M21: =ROUNDUP(MONTH(B21)/3,0) -> 4 | N21: =MOD(G21,2) -> 1
A22: ORD3021 | B22: 45922 | C22: Aarav Kumar | D22: East | E22: Grocery | F22: Honey Jar | G22: 9 | H22: 1069.33 | I22: =G22*H22 -> 9623.97 | J22: Cash on Delivery | K22: =MONTH(B22) -> 9 | L22: =WEEKDAY(B22,2) -> 1 | M22: =ROUNDUP(MONTH(B22)/3,0) -> 3 | N22: =MOD(G22,2) -> 1
A23: ORD3022 | B23: 45824 | C23: Ayaan Verma | D23: East | E23: Electronics | F23: USB-C Cable | G23: 7 | H23: 671.89 | I23: =G23*H23 -> 4703.23 | J23: Credit Card | K23: =MONTH(B23) -> 6 | L23: =WEEKDAY(B23,2) -> 1 | M23: =ROUNDUP(MONTH(B23)/3,0) -> 2 | N23: =MOD(G23,2) -> 1
A24: ORD3023 | B24: 45991 | C24: Amara Bhatt | D24: West | E24: Grocery | F24: Honey Jar | G24: 1 | H24: 3447.49 | I24: =G24*H24 -> 3447.49 | K24: =MONTH(B24) -> 11 | L24: =WEEKDAY(B24,2) -> 7 | M24: =ROUNDUP(MONTH(B24)/3,0) -> 4 | N24: =MOD(G24,2) -> 1
A25: ORD3024 | B25: 45884 | C25: Vihaan Bhatt | D25: Central | E25: Grocery | F25: Oats Pack | G25: 7 | H25: 491.22 | I25: =G25*H25 -> 3438.54 | J25: Credit Card | K25: =MONTH(B25) -> 8 | L25: =WEEKDAY(B25,2) -> 5 | M25: =ROUNDUP(MONTH(B25)/3,0) -> 3 | N25: =MOD(G25,2) -> 1
A26: ORD3025 | B26: 45682 | C26: Anika Nair | D26: North | E26: Stationery | F26: Sticky Notes | G26: 10 | H26: 4113.89 | I26: =G26*H26 -> 41138.9 | K26: =MONTH(B26) -> 1 | L26: =WEEKDAY(B26,2) -> 6 | M26: =ROUNDUP(MONTH(B26)/3,0) -> 1 | N26: =MOD(G26,2) -> 0
A27: ORD3026 | B27: 45876 | C27: Reyansh Gupta | D27: South | E27: Apparel | F27: Wool Socks | G27: 6 | H27: 2510.91 | I27: =G27*H27 -> 15065.46 | K27: =MONTH(B27) -> 8 | L27: =WEEKDAY(B27,2) -> 4 | M27: =ROUNDUP(MONTH(B27)/3,0) -> 3 | N27: =MOD(G27,2) -> 0
A28: ORD3027 | B28: 45993 | C28: Amara Patel | D28: North | E28: Apparel | F28: Denim Jacket | G28: 8 | H28: 1959.18 | I28: =G28*H28 -> 15673.44 | J28: Cash on Delivery | K28: =MONTH(B28) -> 12 | L28: =WEEKDAY(B28,2) -> 2 | M28: =ROUNDUP(MONTH(B28)/3,0) -> 4 | N28: =MOD(G28,2) -> 0
A29: ORD3028 | B29: 45768 | C29: Aditya Reddy | D29: Central | E29: Grocery | F29: Olive Oil 1L | G29: 4 | H29: 2483.82 | I29: =G29*H29 -> 9935.28 | J29: Net Banking | K29: =MONTH(B29) -> 4 | L29: =WEEKDAY(B29,2) -> 1 | M29: =ROUNDUP(MONTH(B29)/3,0) -> 2 | N29: =MOD(G29,2) -> 0
A30: ORD3029 | B30: 45855 | C30: Aarav Kumar | D30: Central | E30: Apparel | F30: Cap | G30: 1 | H30: 935.08 | I30: =G30*H30 -> 935.08 | J30: Debit Card | K30: =MONTH(B30) -> 7 | L30: =WEEKDAY(B30,2) -> 4 | M30: =ROUNDUP(MONTH(B30)/3,0) -> 3 | N30: =MOD(G30,2) -> 1
A31: ORD3030 | B31: 45817 | C31: Arjun Patel | D31: South | E31: Electronics | F31: Webcam | G31: 3 | H31: 535.66 | I31: =G31*H31 -> 1606.98 | J31: UPI | K31: =MONTH(B31) -> 6 | L31: =WEEKDAY(B31,2) -> 1 | M31: =ROUNDUP(MONTH(B31)/3,0) -> 2 | N31: =MOD(G31,2) -> 1
A32: ORD3031 | B32: 45975 | C32: Saanvi Bhatt | D32: West | E32: Electronics | F32: Bluetooth Speaker | G32: 7 | H32: 1148.22 | I32: =G32*H32 -> 8037.54 | J32: UPI | K32: =MONTH(B32) -> 11 | L32: =WEEKDAY(B32,2) -> 5 | M32: =ROUNDUP(MONTH(B32)/3,0) -> 4 | N32: =MOD(G32,2) -> 1
A33: ORD3032 | B33: 45848 | C33: Saanvi Iyer | D33: South | E33: Home | F33: Table Lamp | G33: 1 | H33: 1712.24 | I33: =G33*H33 -> 1712.24 | J33: UPI | K33: =MONTH(B33) -> 7 | L33: =WEEKDAY(B33,2) -> 4 | M33: =ROUNDUP(MONTH(B33)/3,0) -> 3 | N33: =MOD(G33,2) -> 1
A34: ORD3033 | B34: 45736 | C34: Reyansh Malhotra | D34: South | E34: Stationery | F34: Desk Organizer | G34: 5 | H34: 3623.52 | I34: =G34*H34 -> 18117.6 | J34: Debit Card | K34: =MONTH(B34) -> 3 | L34: =WEEKDAY(B34,2) -> 4 | M34: =ROUNDUP(MONTH(B34)/3,0) -> 1 | N34: =MOD(G34,2) -> 1
A35: ORD3034 | B35: 45859 | C35: Reyansh Gupta | D35: West | E35: Apparel | F35: Wool Socks | G35: 10 | H35: 3378.91 | I35: =G35*H35 -> 33789.1 | K35: =MONTH(B35) -> 7 | L35: =WEEKDAY(B35,2) -> 1 | M35: =ROUNDUP(MONTH(B35)/3,0) -> 3 | N35: =MOD(G35,2) -> 0
A36: ORD3035 | B36: 45747 | C36: Saanvi Bhatt | D36: Central | E36: Home | F36: Table Lamp | G36: 4 | H36: 4879.59 | I36: =G36*H36 -> 19518.36 | J36: Debit Card | K36: =MONTH(B36) -> 3 | L36: =WEEKDAY(B36,2) -> 1 | M36: =ROUNDUP(MONTH(B36)/3,0) -> 1 | N36: =MOD(G36,2) -> 0
A37: ORD3036 | B37: 45675 | C37: Myra Patel | D37: East | E37: Electronics | F37: Wireless Mouse | G37: 9 | H37: 2963.09 | I37: =G37*H37 -> 26667.81 | J37: Net Banking | K37: =MONTH(B37) -> 1 | L37: =WEEKDAY(B37,2) -> 6 | M37: =ROUNDUP(MONTH(B37)/3,0) -> 1 | N37: =MOD(G37,2) -> 1
A38: ORD3037 | B38: 45969 | C38: Aditya Reddy | D38: West | E38: Stationery | F38: Notebook | G38: 9 | H38: 867.23 | I38: =G38*H38 -> 7805.07 | J38: UPI | K38: =MONTH(B38) -> 11 | L38: =WEEKDAY(B38,2) -> 6 | M38: =ROUNDUP(MONTH(B38)/3,0) -> 4 | N38: =MOD(G38,2) -> 1
A39: ORD3038 | B39: 45755 | C39: Reyansh Gupta | D39: East | E39: Electronics | F39: USB-C Cable | G39: 3 | H39: 804.52 | I39: =G39*H39 -> 2413.56 | K39: =MONTH(B39) -> 4 | L39: =WEEKDAY(B39,2) -> 2 | M39: =ROUNDUP(MONTH(B39)/3,0) -> 2 | N39: =MOD(G39,2) -> 1
A40: ORD3039 | B40: 45879 | C40: Arjun Joshi | D40: North | E40: Home | F40: Cushion Cover | G40: 7 | H40: 2104.41 | I40: =G40*H40 -> 14730.87 | J40: Cash on Delivery | K40: =MONTH(B40) -> 8 | L40: =WEEKDAY(B40,2) -> 7 | M40: =ROUNDUP(MONTH(B40)/3,0) -> 3 | N40: =MOD(G40,2) -> 1
A41: ORD3040 | B41: 45783 | C41: Navya Kapoor | D41: Central | E41: Grocery | F41: Oats Pack | G41: 1 | H41: 3344.76 | I41: =G41*H41 -> 3344.76 | J41: Credit Card | K41: =MONTH(B41) -> 5 | L41: =WEEKDAY(B41,2) -> 2 | M41: =ROUNDUP(MONTH(B41)/3,0) -> 2 | N41: =MOD(G41,2) -> 1
A42: ORD3041 | B42: 45699 | C42: Anika Nair | D42: South | E42: Stationery | F42: Notebook | G42: 8 | H42: 4103.73 | I42: =G42*H42 -> 32829.84 | J42: Cash on Delivery | K42: =MONTH(B42) -> 2 | L42: =WEEKDAY(B42,2) -> 2 | M42: =ROUNDUP(MONTH(B42)/3,0) -> 1 | N42: =MOD(G42,2) -> 0
A43: ORD3042 | B43: 45932 | C43: Sai Bhatt | D43: West | E43: Apparel | F43: Running Shoes | G43: 3 | H43: 1458.18 | I43: =G43*H43 -> 4374.54 | J43: UPI | K43: =MONTH(B43) -> 10 | L43: =WEEKDAY(B43,2) -> 4 | M43: =ROUNDUP(MONTH(B43)/3,0) -> 4 | N43: =MOD(G43,2) -> 1
A44: ORD3043 | B44: 45805 | C44: Aarav Kumar | D44: North | E44: Electronics | F44: Wireless Mouse | G44: 3 | H44: 2632.01 | I44: =G44*H44 -> 7896.03 | K44: =MONTH(B44) -> 5 | L44: =WEEKDAY(B44,2) -> 3 | M44: =ROUNDUP(MONTH(B44)/3,0) -> 2 | N44: =MOD(G44,2) -> 1
A45: ORD3044 | B45: 45755 | C45: Riya Malhotra | D45: East | E45: Home | F45: Table Lamp | G45: 3 | H45: 330.17 | I45: =G45*H45 -> 990.51 | J45: Net Banking | K45: =MONTH(B45) -> 4 | L45: =WEEKDAY(B45,2) -> 2 | M45: =ROUNDUP(MONTH(B45)/3,0) -> 2 | N45: =MOD(G45,2) -> 1
A46: ORD3045 | B46: 45798 | C46: Arjun Patel | D46: South | E46: Electronics | F46: Wireless Mouse | G46: 4 | H46: 4664.7 | I46: =G46*H46 -> 18658.8 | J46: Cash on Delivery | K46: =MONTH(B46) -> 5 | L46: =WEEKDAY(B46,2) -> 3 | M46: =ROUNDUP(MONTH(B46)/3,0) -> 2 | N46: =MOD(G46,2) -> 0
A47: ORD3046 | B47: 45786 | C47: Meera Verma | D47: South | E47: Stationery | F47: Desk Organizer | G47: 7 | H47: 529.81 | I47: =G47*H47 -> 3708.67 | K47: =MONTH(B47) -> 5 | L47: =WEEKDAY(B47,2) -> 5 | M47: =ROUNDUP(MONTH(B47)/3,0) -> 2 | N47: =MOD(G47,2) -> 1
A48: ORD3047 | B48: 45770 | C48: Aadhya Joshi | D48: Central | E48: Electronics | F48: USB-C Cable | G48: 10 | H48: 2732.87 | I48: =G48*H48 -> 27328.7 | K48: =MONTH(B48) -> 4 | L48: =WEEKDAY(B48,2) -> 3 | M48: =ROUNDUP(MONTH(B48)/3,0) -> 2 | N48: =MOD(G48,2) -> 0
A49: ORD3048 | B49: 45987 | C49: Amara Nair | D49: North | E49: Home | F49: Storage Box | G49: 8 | H49: 935.75 | I49: =G49*H49 -> 7486 | K49: =MONTH(B49) -> 11 | L49: =WEEKDAY(B49,2) -> 3 | M49: =ROUNDUP(MONTH(B49)/3,0) -> 4 | N49: =MOD(G49,2) -> 0
A50: ORD3049 | B50: 45884 | C50: Tanvi Joshi | D50: East | E50: Electronics | F50: Bluetooth Speaker | G50: 10 | H50: 2736.29 | I50: =G50*H50 -> 27362.9 | J50: Credit Card | K50: =MONTH(B50) -> 8 | L50: =WEEKDAY(B50,2) -> 5 | M50: =ROUNDUP(MONTH(B50)/3,0) -> 3 | N50: =MOD(G50,2) -> 0
A51: ORD3050 | B51: 45816 | C51: Saanvi Bhatt | D51: South | E51: Apparel | F51: Running Shoes | G51: 1 | H51: 4579.05 | I51: =G51*H51 -> 4579.05 | J51: Debit Card | K51: =MONTH(B51) -> 6 | L51: =WEEKDAY(B51,2) -> 7 | M51: =ROUNDUP(MONTH(B51)/3,0) -> 2 | N51: =MOD(G51,2) -> 1
A52: ORD3051 | B52: 45972 | C52: Riya Bhatt | D52: Central | E52: Electronics | F52: Laptop Stand | G52: 3 | H52: 1034.3 | I52: =G52*H52 -> 3102.9 | J52: Cash on Delivery | K52: =MONTH(B52) -> 11 | L52: =WEEKDAY(B52,2) -> 2 | M52: =ROUNDUP(MONTH(B52)/3,0) -> 4 | N52: =MOD(G52,2) -> 1
A53: ORD3052 | B53: 45914 | C53: Meera Verma | D53: South | E53: Stationery | F53: Desk Organizer | G53: 9 | H53: 1536.9 | I53: =G53*H53 -> 13832.1 | J53: Net Banking | K53: =MONTH(B53) -> 9 | L53: =WEEKDAY(B53,2) -> 7 | M53: =ROUNDUP(MONTH(B53)/3,0) -> 3 | N53: =MOD(G53,2) -> 1
A54: ORD3053 | B54: 45843 | C54: Amara Patel | D54: South | E54: Apparel | F54: Cap | G54: 3 | H54: 1856.67 | I54: =G54*H54 -> 5570.01 | K54: =MONTH(B54) -> 7 | L54: =WEEKDAY(B54,2) -> 6 | M54: =ROUNDUP(MONTH(B54)/3,0) -> 3 | N54: =MOD(G54,2) -> 1
A55: ORD3054 | B55: 45843 | C55: Ananya Bhatt | D55: South | E55: Electronics | F55: Laptop Stand | G55: 10 | H55: 3812.59 | I55: =G55*H55 -> 38125.9 | K55: =MONTH(B55) -> 7 | L55: =WEEKDAY(B55,2) -> 6 | M55: =ROUNDUP(MONTH(B55)/3,0) -> 3 | N55: =MOD(G55,2) -> 0
A56: ORD3055 | B56: 45765 | C56: Kiara Nair | D56: South | E56: Grocery | F56: Honey Jar | G56: 6 | H56: 4491.11 | I56: =G56*H56 -> 26946.66 | J56: Cash on Delivery | K56: =MONTH(B56) -> 4 | L56: =WEEKDAY(B56,2) -> 5 | M56: =ROUNDUP(MONTH(B56)/3,0) -> 2 | N56: =MOD(G56,2) -> 0
A57: ORD3056 | B57: 45809 | C57: Amara Sharma | D57: South | E57: Stationery | F57: Highlighter Pack | G57: 10 | H57: 3258.21 | I57: =G57*H57 -> 32582.1 | K57: =MONTH(B57) -> 6 | L57: =WEEKDAY(B57,2) -> 7 | M57: =ROUNDUP(MONTH(B57)/3,0) -> 2 | N57: =MOD(G57,2) -> 0
A58: ORD3057 | B58: 45911 | C58: Ayaan Verma | D58: South | E58: Home | F58: Cushion Cover | G58: 7 | H58: 4161.36 | I58: =G58*H58 -> 29129.52 | J58: Debit Card | K58: =MONTH(B58) -> 9 | L58: =WEEKDAY(B58,2) -> 4 | M58: =ROUNDUP(MONTH(B58)/3,0) -> 3 | N58: =MOD(G58,2) -> 1
A59: ORD3058 | B59: 45908 | C59: Vihaan Bhatt | D59: East | E59: Electronics | F59: Webcam | G59: 8 | H59: 1148.19 | I59: =G59*H59 -> 9185.52 | K59: =MONTH(B59) -> 9 | L59: =WEEKDAY(B59,2) -> 1 | M59: =ROUNDUP(MONTH(B59)/3,0) -> 3 | N59: =MOD(G59,2) -> 0
A60: ORD3059 | B60: 45830 | C60: Saanvi Iyer | D60: West | E60: Home | F60: Cushion Cover | G60: 4 | H60: 4968.27 | I60: =G60*H60 -> 19873.08 | J60: Net Banking | K60: =MONTH(B60) -> 6 | L60: =WEEKDAY(B60,2) -> 7 | M60: =ROUNDUP(MONTH(B60)/3,0) -> 2 | N60: =MOD(G60,2) -> 0
A61: ORD3060 | B61: 45730 | C61: Arjun Patel | D61: North | E61: Electronics | F61: Webcam | G61: 5 | H61: 2945.72 | I61: =G61*H61 -> 14728.6 | J61: Net Banking | K61: =MONTH(B61) -> 3 | L61: =WEEKDAY(B61,2) -> 5 | M61: =ROUNDUP(MONTH(B61)/3,0) -> 1 | N61: =MOD(G61,2) -> 1
A62: ORD3061 | B62: 45758 | C62: Riya Mehta | D62: South | E62: Grocery | F62: Oats Pack | G62: 1 | H62: 281.38 | I62: =G62*H62 -> 281.38 | K62: =MONTH(B62) -> 4 | L62: =WEEKDAY(B62,2) -> 5 | M62: =ROUNDUP(MONTH(B62)/3,0) -> 2 | N62: =MOD(G62,2) -> 1
A63: ORD3062 | B63: 45725 | C63: Riya Mehta | D63: East | E63: Apparel | F63: Running Shoes | G63: 7 | H63: 2878.66 | I63: =G63*H63 -> 20150.62 | J63: Net Banking | K63: =MONTH(B63) -> 3 | L63: =WEEKDAY(B63,2) -> 7 | M63: =ROUNDUP(MONTH(B63)/3,0) -> 1 | N63: =MOD(G63,2) -> 1
A64: ORD3063 | B64: 45964 | C64: Amara Bhatt | D64: East | E64: Electronics | F64: USB-C Cable | G64: 5 | H64: 3711.15 | I64: =G64*H64 -> 18555.75 | J64: Net Banking | K64: =MONTH(B64) -> 11 | L64: =WEEKDAY(B64,2) -> 1 | M64: =ROUNDUP(MONTH(B64)/3,0) -> 4 | N64: =MOD(G64,2) -> 1
A65: ORD3064 | B65: 45721 | C65: Ayaan Verma | D65: Central | E65: Home | F65: Table Lamp | G65: 5 | H65: 1356.25 | I65: =G65*H65 -> 6781.25 | J65: Debit Card | K65: =MONTH(B65) -> 3 | L65: =WEEKDAY(B65,2) -> 3 | M65: =ROUNDUP(MONTH(B65)/3,0) -> 1 | N65: =MOD(G65,2) -> 1
A66: ORD3065 | B66: 45732 | C66: Riya Bhatt | D66: North | E66: Grocery | F66: Olive Oil 1L | G66: 4 | H66: 2642.71 | I66: =G66*H66 -> 10570.84 | J66: Debit Card | K66: =MONTH(B66) -> 3 | L66: =WEEKDAY(B66,2) -> 7 | M66: =ROUNDUP(MONTH(B66)/3,0) -> 1 | N66: =MOD(G66,2) -> 0
A67: ORD3066 | B67: 45912 | C67: Riya Mehta | D67: South | E67: Electronics | F67: USB-C Cable | G67: 9 | H67: 1935.71 | I67: =G67*H67 -> 17421.39 | J67: Debit Card | K67: =MONTH(B67) -> 9 | L67: =WEEKDAY(B67,2) -> 5 | M67: =ROUNDUP(MONTH(B67)/3,0) -> 3 | N67: =MOD(G67,2) -> 1
A68: ORD3067 | B68: 45730 | C68: Rohan Rao | D68: North | E68: Home | F68: Storage Box | G68: 1 | H68: 747.73 | I68: =G68*H68 -> 747.73 | J68: Cash on Delivery | K68: =MONTH(B68) -> 3 | L68: =WEEKDAY(B68,2) -> 5 | M68: =ROUNDUP(MONTH(B68)/3,0) -> 1 | N68: =MOD(G68,2) -> 1
A69: ORD3068 | B69: 45993 | C69: Reyansh Malhotra | D69: North | E69: Stationery | F69: Desk Organizer | G69: 8 | H69: 2516.42 | I69: =G69*H69 -> 20131.36 | J69: Cash on Delivery | K69: =MONTH(B69) -> 12 | L69: =WEEKDAY(B69,2) -> 2 | M69: =ROUNDUP(MONTH(B69)/3,0) -> 4 | N69: =MOD(G69,2) -> 0
A70: ORD3069 | B70: 45938 | C70: Riya Malhotra | D70: West | E70: Electronics | F70: USB-C Cable | G70: 3 | H70: 1829.93 | I70: =G70*H70 -> 5489.79 | K70: =MONTH(B70) -> 10 | L70: =WEEKDAY(B70,2) -> 3 | M70: =ROUNDUP(MONTH(B70)/3,0) -> 4 | N70: =MOD(G70,2) -> 1
A71: ORD3070 | B71: 45885 | C71: Reyansh Gupta | D71: Central | E71: Grocery | F71: Almonds 500g | G71: 8 | H71: 3978.63 | I71: =G71*H71 -> 31829.04 | J71: Credit Card | K71: =MONTH(B71) -> 8 | L71: =WEEKDAY(B71,2) -> 6 | M71: =ROUNDUP(MONTH(B71)/3,0) -> 3 | N71: =MOD(G71,2) -> 0
A72: ORD3071 | B72: 45987 | C72: Reyansh Gupta | D72: South | E72: Grocery | F72: Honey Jar | G72: 2 | H72: 1822.53 | I72: =G72*H72 -> 3645.06 | J72: Debit Card | K72: =MONTH(B72) -> 11 | L72: =WEEKDAY(B72,2) -> 3 | M72: =ROUNDUP(MONTH(B72)/3,0) -> 4 | N72: =MOD(G72,2) -> 0
A73: ORD3072 | B73: 45742 | C73: Sai Joshi | D73: East | E73: Home | F73: Wall Clock | G73: 5 | H73: 1194.66 | I73: =G73*H73 -> 5973.3 | J73: Credit Card | K73: =MONTH(B73) -> 3 | L73: =WEEKDAY(B73,2) -> 3 | M73: =ROUNDUP(MONTH(B73)/3,0) -> 1 | N73: =MOD(G73,2) -> 1
A74: ORD3073 | B74: 45891 | C74: Amara Nair | D74: South | E74: Stationery | F74: Notebook | G74: 10 | H74: 916.62 | I74: =G74*H74 -> 9166.2 | J74: Debit Card | K74: =MONTH(B74) -> 8 | L74: =WEEKDAY(B74,2) -> 5 | M74: =ROUNDUP(MONTH(B74)/3,0) -> 3 | N74: =MOD(G74,2) -> 0
A75: ORD3074 | B75: 45771 | C75: Myra Mehta | D75: North | E75: Stationery | F75: Desk Organizer | G75: 2 | H75: 3198.34 | I75: =G75*H75 -> 6396.68 | J75: Credit Card | K75: =MONTH(B75) -> 4 | L75: =WEEKDAY(B75,2) -> 4 | M75: =ROUNDUP(MONTH(B75)/3,0) -> 2 | N75: =MOD(G75,2) -> 0
A76: ORD3075 | B76: 45721 | C76: Aadhya Joshi | D76: South | E76: Grocery | F76: Green Tea Pack | G76: 2 | H76: 3932.61 | I76: =G76*H76 -> 7865.22 | J76: Debit Card | K76: =MONTH(B76) -> 3 | L76: =WEEKDAY(B76,2) -> 3 | M76: =ROUNDUP(MONTH(B76)/3,0) -> 1 | N76: =MOD(G76,2) -> 0
A77: ORD3076 | B77: 45964 | C77: Ananya Bhatt | D77: North | E77: Stationery | F77: Gel Pen Set | G77: 7 | H77: 2947.14 | I77: =G77*H77 -> 20629.98 | K77: =MONTH(B77) -> 11 | L77: =WEEKDAY(B77,2) -> 1 | M77: =ROUNDUP(MONTH(B77)/3,0) -> 4 | N77: =MOD(G77,2) -> 1
A78: ORD3077 | B78: 45924 | C78: Sai Joshi | D78: West | E78: Home | F78: Wall Clock | G78: 6 | H78: 4439.77 | I78: =G78*H78 -> 26638.62 | J78: Net Banking | K78: =MONTH(B78) -> 9 | L78: =WEEKDAY(B78,2) -> 3 | M78: =ROUNDUP(MONTH(B78)/3,0) -> 3 | N78: =MOD(G78,2) -> 0
A79: ORD3078 | B79: 45675 | C79: Ananya Bhatt | D79: West | E79: Electronics | F79: Laptop Stand | G79: 10 | H79: 2488.46 | I79: =G79*H79 -> 24884.6 | J79: Credit Card | K79: =MONTH(B79) -> 1 | L79: =WEEKDAY(B79,2) -> 6 | M79: =ROUNDUP(MONTH(B79)/3,0) -> 1 | N79: =MOD(G79,2) -> 0
A80: ORD3079 | B80: 45985 | C80: Amara Patel | D80: East | E80: Apparel | F80: Running Shoes | G80: 9 | H80: 4151.14 | I80: =G80*H80 -> 37360.26 | J80: UPI | K80: =MONTH(B80) -> 11 | L80: =WEEKDAY(B80,2) -> 1 | M80: =ROUNDUP(MONTH(B80)/3,0) -> 4 | N80: =MOD(G80,2) -> 1
A81: ORD3080 | B81: 45832 | C81: Riya Malhotra | D81: West | E81: Home | F81: Storage Box | G81: 5 | H81: 409.06 | I81: =G81*H81 -> 2045.3 | J81: UPI | K81: =MONTH(B81) -> 6 | L81: =WEEKDAY(B81,2) -> 2 | M81: =ROUNDUP(MONTH(B81)/3,0) -> 2 | N81: =MOD(G81,2) -> 1
A82: ORD3081 | B82: 45957 | C82: Amara Patel | D82: West | E82: Home | F82: Cushion Cover | G82: 3 | H82: 1662.18 | I82: =G82*H82 -> 4986.54 | J82: Net Banking | K82: =MONTH(B82) -> 10 | L82: =WEEKDAY(B82,2) -> 1 | M82: =ROUNDUP(MONTH(B82)/3,0) -> 4 | N82: =MOD(G82,2) -> 1
A83: ORD3082 | B83: 45715 | C83: Tanvi Singh | D83: West | E83: Stationery | F83: Notebook | G83: 6 | H83: 3766.86 | I83: =G83*H83 -> 22601.16 | K83: =MONTH(B83) -> 2 | L83: =WEEKDAY(B83,2) -> 4 | M83: =ROUNDUP(MONTH(B83)/3,0) -> 1 | N83: =MOD(G83,2) -> 0
A84: ORD3083 | B84: 45875 | C84: Reyansh Malhotra | D84: North | E84: Apparel | F84: Denim Jacket | G84: 9 | H84: 4433.5 | I84: =G84*H84 -> 39901.5 | K84: =MONTH(B84) -> 8 | L84: =WEEKDAY(B84,2) -> 3 | M84: =ROUNDUP(MONTH(B84)/3,0) -> 3 | N84: =MOD(G84,2) -> 1
A85: ORD3084 | B85: 45759 | C85: Rohan Chopra | D85: West | E85: Home | F85: Photo Frame | G85: 6 | H85: 2259.19 | I85: =G85*H85 -> 13555.14 | K85: =MONTH(B85) -> 4 | L85: =WEEKDAY(B85,2) -> 6 | M85: =ROUNDUP(MONTH(B85)/3,0) -> 2 | N85: =MOD(G85,2) -> 0
A86: ORD3085 | B86: 45667 | C86: Anika Nair | D86: Central | E86: Stationery | F86: Gel Pen Set | G86: 1 | H86: 1205.65 | I86: =G86*H86 -> 1205.65 | J86: Debit Card | K86: =MONTH(B86) -> 1 | L86: =WEEKDAY(B86,2) -> 5 | M86: =ROUNDUP(MONTH(B86)/3,0) -> 1 | N86: =MOD(G86,2) -> 1
A87: ORD3086 | B87: 45830 | C87: Sai Joshi | D87: South | E87: Apparel | F87: Denim Jacket | G87: 6 | H87: 2712.96 | I87: =G87*H87 -> 16277.76 | J87: Net Banking | K87: =MONTH(B87) -> 6 | L87: =WEEKDAY(B87,2) -> 7 | M87: =ROUNDUP(MONTH(B87)/3,0) -> 2 | N87: =MOD(G87,2) -> 0
A88: ORD3087 | B88: 45755 | C88: Tanvi Singh | D88: Central | E88: Stationery | F88: Sticky Notes | G88: 8 | H88: 845.1 | I88: =G88*H88 -> 6760.8 | J88: UPI | K88: =MONTH(B88) -> 4 | L88: =WEEKDAY(B88,2) -> 2 | M88: =ROUNDUP(MONTH(B88)/3,0) -> 2 | N88: =MOD(G88,2) -> 0
A89: ORD3088 | B89: 45991 | C89: Pari Joshi | D89: East | E89: Electronics | F89: Wireless Mouse | G89: 4 | H89: 3637.42 | I89: =G89*H89 -> 14549.68 | J89: UPI | K89: =MONTH(B89) -> 11 | L89: =WEEKDAY(B89,2) -> 7 | M89: =ROUNDUP(MONTH(B89)/3,0) -> 4 | N89: =MOD(G89,2) -> 0
A90: ORD3089 | B90: 45825 | C90: Myra Mehta | D90: West | E90: Stationery | F90: Highlighter Pack | G90: 1 | H90: 3185.69 | I90: =G90*H90 -> 3185.69 | J90: UPI | K90: =MONTH(B90) -> 6 | L90: =WEEKDAY(B90,2) -> 2 | M90: =ROUNDUP(MONTH(B90)/3,0) -> 2 | N90: =MOD(G90,2) -> 1
A91: ORD3090 | B91: 45794 | C91: Aadhya Joshi | D91: Central | E91: Stationery | F91: Notebook | G91: 1 | H91: 4483.9 | I91: =G91*H91 -> 4483.9 | K91: =MONTH(B91) -> 5 | L91: =WEEKDAY(B91,2) -> 6 | M91: =ROUNDUP(MONTH(B91)/3,0) -> 2 | N91: =MOD(G91,2) -> 1
A92: ORD3091 | B92: 45851 | C92: Ayaan Verma | D92: West | E92: Grocery | F92: Almonds 500g | G92: 3 | H92: 3326.92 | I92: =G92*H92 -> 9980.76 | J92: Net Banking | K92: =MONTH(B92) -> 7 | L92: =WEEKDAY(B92,2) -> 7 | M92: =ROUNDUP(MONTH(B92)/3,0) -> 3 | N92: =MOD(G92,2) -> 1
A93: ORD3092 | B93: 45852 | C93: Rohan Rao | D93: South | E93: Grocery | F93: Oats Pack | G93: 1 | H93: 813.88 | I93: =G93*H93 -> 813.88 | J93: Credit Card | K93: =MONTH(B93) -> 7 | L93: =WEEKDAY(B93,2) -> 1 | M93: =ROUNDUP(MONTH(B93)/3,0) -> 3 | N93: =MOD(G93,2) -> 1
A94: ORD3093 | B94: 45705 | C94: Aditya Kumar | D94: West | E94: Electronics | F94: Laptop Stand | G94: 1 | H94: 511.28 | I94: =G94*H94 -> 511.28 | J94: UPI | K94: =MONTH(B94) -> 2 | L94: =WEEKDAY(B94,2) -> 1 | M94: =ROUNDUP(MONTH(B94)/3,0) -> 1 | N94: =MOD(G94,2) -> 1
A95: ORD3094 | B95: 45714 | C95: Amara Nair | D95: Central | E95: Grocery | F95: Olive Oil 1L | G95: 8 | H95: 4380.31 | I95: =G95*H95 -> 35042.48 | J95: UPI | K95: =MONTH(B95) -> 2 | L95: =WEEKDAY(B95,2) -> 3 | M95: =ROUNDUP(MONTH(B95)/3,0) -> 1 | N95: =MOD(G95,2) -> 0
A96: ORD3095 | B96: 45869 | C96: Arjun Patel | D96: Central | E96: Electronics | F96: USB-C Cable | G96: 6 | H96: 176.81 | I96: =G96*H96 -> 1060.86 | J96: Net Banking | K96: =MONTH(B96) -> 7 | L96: =WEEKDAY(B96,2) -> 4 | M96: =ROUNDUP(MONTH(B96)/3,0) -> 3 | N96: =MOD(G96,2) -> 0
A97: ORD3096 | B97: 45789 | C97: Reyansh Gupta | D97: East | E97: Home | F97: Wall Clock | G97: 3 | H97: 2720.09 | I97: =G97*H97 -> 8160.27 | K97: =MONTH(B97) -> 5 | L97: =WEEKDAY(B97,2) -> 1 | M97: =ROUNDUP(MONTH(B97)/3,0) -> 2 | N97: =MOD(G97,2) -> 1
A98: ORD3097 | B98: 45980 | C98: Myra Patel | D98: South | E98: Stationery | F98: Notebook | G98: 5 | H98: 4002.83 | I98: =G98*H98 -> 20014.15 | J98: Debit Card | K98: =MONTH(B98) -> 11 | L98: =WEEKDAY(B98,2) -> 3 | M98: =ROUNDUP(MONTH(B98)/3,0) -> 4 | N98: =MOD(G98,2) -> 1
A99: ORD3098 | B99: 45659 | C99: Vihaan Sharma | D99: North | E99: Stationery | F99: Sticky Notes | G99: 4 | H99: 2597.43 | I99: =G99*H99 -> 10389.72 | J99: Credit Card | K99: =MONTH(B99) -> 1 | L99: =WEEKDAY(B99,2) -> 4 | M99: =ROUNDUP(MONTH(B99)/3,0) -> 1 | N99: =MOD(G99,2) -> 0
A100: ORD3099 | B100: 45672 | C100: Amara Nair | D100: East | E100: Grocery | F100: Honey Jar | G100: 4 | H100: 4270.02 | I100: =G100*H100 -> 17080.08 | K100: =MONTH(B100) -> 1 | L100: =WEEKDAY(B100,2) -> 3 | M100: =ROUNDUP(MONTH(B100)/3,0) -> 1 | N100: =MOD(G100,2) -> 0
...

Sheet Formula_Practice
A1: # | B1: Question | C1: Your Formula / Answer
A2: 1 | B2: The CFO wants total revenue for Q1 2025 (January–March 2025) only. | C2: {=SUM(SUMIF(Data!K:K,{1,2,3},Data!I:I))} -> 557773.38
A3: 2 | B3: Marketing wants to know the month-over-month growth: what % did total revenue change from May 2025 to June 2025? | C3: =(E3-D3)/D3 -> -0.35935691 | D3: =SUMIF(Data!K:K,"=5",Data!I:I) -> 185642.79 | E3: =SUMIF(Data!K:K,"=6",Data!I1) -> 118930.77 | F3: =D3*100 -> 18564279
A4: 3 | B4: Ops flags data quality issues. Count how many orders have a missing (blank) PaymentMethod. | C4: =COUNTBLANK(Data!J2:J151) -> 51
A5: 4 | B5: Classify the first order as 'Low' if TotalAmount < 2000, 'Medium' if between 2000 and 8000, or 'High' if above 8000 (nested IF). | C5: =IF(Data!I2<2000,"Low",IF(Data!I2<=8000,"Medium","High")) -> High
A6: 5 | B6: Combine the first order's CustomerName and Region into one string separated by a hyphen, e.g. 'Riya Singh-North' (use TEXTJOIN or &). | C6: =_xlfn.TEXTJOIN("-",TRUE,Data!C2,Data!D2) -> Riya Mehta-North
A7: 6 | B7: Extract just the first name of the customer in the first order (e.g. 'Riya' from 'Riya Singh'). | C7: =LEFT(Data!C2,FIND(" ",Data!C2)-1) -> Riya
A8: 7 | B8: Find total revenue from all orders EXCLUDING the 'Grocery' category. | C8: =SUMIF(Data!E:E,"<>Grocery",Data!I:I) -> 1747969.7
A9: 8 | B9: Use IFERROR to look up OrderID 'ORD9999' (which doesn't exist) and return 'Not Found' instead of an error. | C9: =IFERROR(_xlfn.XLOOKUP("ORD9999",Data!A:A,Data!C:C),"Not Found") -> Not Found
A10: 9 | B10: Find the rank of the 10th order's (row 11) TotalAmount among all orders, where the highest TotalAmount gets rank 1. | C10: =_xlfn.RANK.EQ(Data!I11,Data!I:I) -> 29 | E10: {=_xlfn.UNIQUE(Data!E:E)} -> Category
A11: 10 | B11: Count how many orders share the exact same OrderDate as the very first order (including itself). | C11: =COUNTIF(Data!B2:B151,Data!B2) -> 2 | E11: Grocery | F11: =SUMIF(Data!E:E,Formula_Practice!E11,Data!I:I) -> 372799.22
A12: 11 | B12: Calculate the weighted average UnitPrice, weighted by Quantity, across all orders (not a simple average). | C12: =SUMPRODUCT(Data!G2:G151,Data!H2:H151)/SUM(Data!G2:G151) -> 2474.6428 | E12: Electronics | F12: =SUMIF(Data!E:E,Formula_Practice!E12,Data!I:I) -> 512817.2
A13: 12 | B13: Identify which single Category generated the highest total revenue overall (return the category name). | C13: Electronics | E13: Home | F13: =SUMIF(Data!E:E,Formula_Practice!E13,Data!I:I) -> 331087.72
A14: 13 | B14: Count how many orders were placed on a weekend (Saturday or Sunday). | C14: {=SUM(COUNTIF(Data!L:L,{6,7}))} -> 42 | E14: Stationery | F14: =SUMIF(Data!E:E,Formula_Practice!E14,Data!I:I) -> 483083.35
A15: 14 | B15: Determine which quarter (Q1, Q2, Q3, or Q4) the first order's date falls into. | C15: =_xlfn.XLOOKUP(Data!B2,Data!B:B,Data!M:M,"") -> 1 | E15: Apparel | F15: =SUMIF(Data!E:E,Formula_Practice!E15,Data!I:I) -> 420981.42
A16: 15 | B16: Count how many orders have a UnitPrice between 1000 and 3000 (inclusive). | C16: =COUNTIFS(Data!H:H,">=1000",Data!H:H,"<=3000") -> 67 | E16: 0 | F16: =SUMIF(Data!E:E,Formula_Practice!E16,Data!I:I) -> 0
A17: 16 | B17: Build a composite Order-Region ID for the first order, formatted as 'OrderID-Region' (e.g. 'ORD3001-North'). | C17: =_xlfn.TEXTJOIN("-",TRUE,Data!A2,Data!D2) -> ORD3001-North
A18: 17 | B18: Finance wants to know potential revenue at risk from very small orders. Find total revenue from orders where TotalAmount is under 500. | C18: =SUMIF(Data!I:I,"<500",Data!I:I) -> 281.38
A19: 18 | B19: Use SUMPRODUCT to find total revenue from orders where CustomerName starts with the letter 'A'. | C19: {=SUMPRODUCT((LEFT(Data!C2:C151,1)="A")*Data!I2:I151)} -> 1048743.1
A20: 19 | B20: Count how many distinct PaymentMethod values were actually used (ignore blanks). | C20: {=COUNTA(_xlfn.UNIQUE(_xlfn._xlws.FILTER(Data!J2:J151,Data!J2:J151<>"")))} -> 5
A21: 20 | B21: Compare total revenue for H1 2025 (Jan–Jun) vs H2 2025 (Jul–Dec) and state which half performed better. | C21: {=SUM(SUMIF(Data!K:K,{1,2,3,4,5,6},Data!I:I))} -> 1030980.8 | D21: {=SUM(SUMIF(Data!K:K,{7,8,9,10,11,12},Data!I:I))} -> 1089788.1 | E21: H2 performed better.
A22: 21 | B22: Find total revenue from orders where Quantity is an even number (use MOD). | C22: =SUMIF(Data!N:N,"=0",Data!I:I) -> 1157356.2
A23: 22 | B23: Data integrity check: is there any OrderID that appears more than once in the dataset? Return the count of duplicate OrderIDs (should be 0 if clean). | C23: =COUNTA(Data!A2:A151)-COUNTA(_xlfn.UNIQUE(Data!A2:A151)) -> 0
B25: Note: All questions refer to the 'Data' sheet (range A2:J151). All order dates fall within 2025.
