Workbook

Sheet Data
A1: OrderID | B1: OrderDate | C1: CustomerName | D1: Region | E1: Category | F1: Product | G1: Quantity | H1: UnitPrice | I1: TotalAmount | J1: PaymentMethod | L1: year | M1: avg | N1: weekday | O1: month
A2: ORD4001 | B2: 45725 | C2: Reyansh Verma | D2: South | E2: Grocery | F2: Oats Pack | G2: 2 | H2: 617.94 | I2: =G2*H2 -> 1235.88 | J2: Debit Card | L2: =YEAR(B2) -> 2025 | M2: =AVERAGE(I2:I161) -> 13383.894 | N2: =WEEKDAY(B2) -> 1 | O2: =MONTH(B2) -> 3
A3: ORD4002 | B3: 45809 | C3: Krish Reddy | D3: South | E3: Apparel | F3: Denim Jacket | G3: 4 | H3: 4420.09 | I3: =G3*H3 -> 17680.36 | J3: UPI | L3: =YEAR(B3) -> 2025 | M3: =AVERAGE(I3:I162) -> 13460.296 | N3: =WEEKDAY(B3) -> 1 | O3: =MONTH(B3) -> 6
A4: ORD4003 | B4: 45913 | C4: Krish Malhotra | D4: East | E4: Electronics | F4: USB-C Cable | G4: 3 | H4: 3439.87 | I4: =G4*H4 -> 10319.61 | J4: Cash on Delivery | L4: =YEAR(B4) -> 2025 | M4: =AVERAGE(I4:I163) -> 13433.587 | N4: =WEEKDAY(B4) -> 7 | O4: =MONTH(B4) -> 9
A5: ORD4004 | B5: 45805 | C5: Saanvi Mehta | D5: Central | E5: Electronics | F5: USB-C Cable | G5: 4 | H5: 1978.33 | I5: =G5*H5 -> 7913.32 | J5: UPI | L5: =YEAR(B5) -> 2025 | M5: =AVERAGE(I5:I164) -> 13453.421 | N5: =WEEKDAY(B5) -> 4 | O5: =MONTH(B5) -> 5
A6: ORD4005 | B6: 45862 | C6: Arjun Reddy | D6: West | E6: Home | F6: Photo Frame | G6: 2 | H6: 1028.94 | I6: =G6*H6 -> 2057.88 | J6: Credit Card | L6: =YEAR(B6) -> 2025 | M6: =AVERAGE(I6:I165) -> 13488.935 | N6: =WEEKDAY(B6) -> 5 | O6: =MONTH(B6) -> 7
A7: ORD4006 | B7: 45848 | C7: Wesley Patel | D7: West | E7: Stationery | F7: Sticky Notes | G7: 4 | H7: 3318.81 | I7: =G7*H7 -> 13275.24 | J7: UPI | L7: =YEAR(B7) -> 2025 | M7: =AVERAGE(I7:I166) -> 13562.684 | N7: =WEEKDAY(B7) -> 5 | O7: =MONTH(B7) -> 7
A8: ORD4007 | B8: 45712 | C8: Wesley Verma | D8: East | E8: Stationery | F8: Gel Pen Set | G8: 7 | H8: 1587.43 | I8: =G8*H8 -> 11112.01 | J8: Credit Card | L8: =YEAR(B8) -> 2025 | M8: =AVERAGE(I8:I167) -> 13564.55 | N8: =WEEKDAY(B8) -> 2 | O8: =MONTH(B8) -> 2
A9: ORD4008 | B9: 45882 | C9: Aryan Kapoor | D9: East | E9: Electronics | F9: Webcam | G9: 5 | H9: 4549.95 | I9: =G9*H9 -> 22749.75 | J9: UPI | L9: =YEAR(B9) -> 2025 | M9: =AVERAGE(I9:I168) -> 13580.58 | N9: =WEEKDAY(B9) -> 4 | O9: =MONTH(B9) -> 8
A10: ORD4009 | B10: 45902 | C10: Arjun Chopra | D10: South | E10: Home | F10: Storage Box | G10: 5 | H10: 2135.26 | I10: =G10*H10 -> 10676.3 | J10: Cash on Delivery | L10: =YEAR(B10) -> 2025 | M10: =AVERAGE(I10:I169) -> 13520.256 | N10: =WEEKDAY(B10) -> 3 | O10: =MONTH(B10) -> 9
A11: ORD4010 | B11: 45739 | C11: Ishaan Sharma | D11: West | E11: Grocery | F11: Honey Jar | G11: 8 | H11: 1093.19 | I11: =G11*H11 -> 8745.52 | J11: UPI | L11: =YEAR(B11) -> 2025 | M11: =AVERAGE(I11:I170) -> 13539.09 | N11: =WEEKDAY(B11) -> 1 | O11: =MONTH(B11) -> 3
A12: ORD4011 | B12: 45759 | C12: Navya Kapoor | D12: North | E12: Home | F12: Wall Clock | G12: 4 | H12: 4472.95 | I12: =G12*H12 -> 17891.8 | J12: Debit Card | L12: =YEAR(B12) -> 2025 | M12: =AVERAGE(I12:I171) -> 13571.048 | N12: =WEEKDAY(B12) -> 7 | O12: =MONTH(B12) -> 4
A13: ORD4012 | B13: 45985 | C13: Anika Malhotra | D13: West | E13: Stationery | F13: Highlighter Pack | G13: 6 | H13: 3334.3 | I13: =G13*H13 -> 20005.8 | J13: Credit Card | L13: =YEAR(B13) -> 2025 | M13: =AVERAGE(I13:I172) -> 13542.049 | N13: =WEEKDAY(B13) -> 2 | O13: =MONTH(B13) -> 11
... A161: ORD4160 | B161: 45697 | C161: Ishaan Mehta | D161: West | E161: Stationery | F161: Desk Organizer | G161: 5 | H161: 2445.04 | I161: =G161*H161 -> 12225.2 | J161: Cash on Delivery | L161: =YEAR(B161) -> 2025 | M161: =AVERAGE(I161:I320) -> 12225.2 | N161: =WEEKDAY(B161) -> 1 | O161: =MONTH(B161) -> 2

Sheet Formula_Practice
A1: # | B1: Question | C1: Your Formula / Answer
A2: 1 | B2: Find the total revenue for the entire year 2025. | C2: =SUMIF(Data!L:L,"2025",Data!I:I) -> 2141423
A3: 2 | B3: Find the total number of orders placed. | C3: =COUNTA(Data!A2:A161) -> 160
A4: 3 | B4: Find the average order value (TotalAmount) across all orders. | C4: =AVERAGE(Data!I:I) -> 13383.894
A5: 4 | B5: Find the median order value across all orders (use MEDIAN). | C5: =MEDIAN(Data!I:I) -> 10943.565
A6: 5 | B6: Find the most commonly used PaymentMethod (the 'mode' of a text column — use INDEX/MATCH/MAX with COUNTIF or UNIQUE). | C6: {=INDEX(Data!J2:J161,MATCH(MAX(COUNTIF(Data!J2:J161,Data!J2:J161)),COUNTIF(Data!J2:J161,Data!J2:J161),0))} -> Debit Card
A7: 6 | B7: Find the standard deviation of order values, to understand how spread out order sizes are (use STDEV.P). | C7: =_xlfn.STDEV.P(Data!I2:I161) -> 10906.126
A8: 7 | B8: Find the total revenue from the top 10 highest-value orders (use LARGE, ideally with SEQUENCE). | C8: {=SUM(LARGE(Data!I:I,_xlfn.SEQUENCE(10)))} -> 402173.98
A9: 8 | B9: Round the average UnitPrice to the nearest whole number (use ROUND). | C9: =ROUND(AVERAGE(Data!H:H),0) -> 2475
A10: 9 | B10: Round DOWN the total revenue for the year to the nearest thousand (use ROUNDDOWN). | C10: =ROUNDDOWN(SUM(Data!I:I),-3) -> 2141000
A11: 10 | B11: Find total revenue for all orders placed on a Monday (use TEXT or WEEKDAY). | C11: =SUMIF(Data!N:N,"=2",Data!I:I) -> 283428.41
A12: 11 | B12: Find the number of working/business days (excluding weekends) between the earliest and latest order date (use NETWORKDAYS). | C12: =NETWORKDAYS(MIN(Data!B:B),MAX(Data!B:B)) -> 259
A13: 12 | B13: Combine all unique Region names into a single comma-separated string, e.g. 'North, South, East...' (use TEXTJOIN with UNIQUE). | C13: =_xlfn.TEXTJOIN(",",TRUE,_xlfn.UNIQUE(Data!D2:D161)) -> South,East,Central,West,North
A14: 13 | B14: Find total revenue from orders where the CustomerName contains 'an' anywhere in it (wildcard match). | C14: =SUMIF(Data!C:C,"*an*",Data!I:I) -> 815765.34
A15: 14 | B15: Count how many orders have a Product name starting with the letter 'W' (wildcard COUNTIF). | C15: =COUNTIF(Data!F:F,"W*") -> 21
A16: 15 | B16: Find the average Quantity per order specifically within the 'Apparel' category. | C16: =AVERAGEIF(Data!E:E,"Apparel",Data!G:G) -> 5.7692308
A17: 16 | B17: Count how many orders have a TotalAmount that is an exact whole number (no decimal part) — use MOD. | C17: {=SUMPRODUCT((MOD(Data!I2:I161,1)=0)*1)} -> 5
A18: 17 | B18: Find the day name (e.g. 'Monday') of the very first order's date. | C18: =TEXT(Data!B2,"dddd") -> Sunday
A19: 18 | B19: Find how many orders were placed in Q3 2025 (July–September). | C19: {=SUM(COUNTIFS(Data!L:L,"=2025",Data!O:O,{7,8,9}))} -> 39
A20: 19 | B20: Identify which Region generated the LOWEST total revenue (return the region name). | C20: East | E20: {=_xlfn.UNIQUE(Data!D:D)} -> Region
A21: 20 | B21: Find the CustomerName associated with the single LOWEST order value in the dataset. | C21: =_xlfn.XLOOKUP(MIN(Data!I:I),Data!I:I,Data!C:C,"",0) -> Arjun Kapoor | E21: South | F21: =SUMIF(Data!D:D,Formula_Practice!E21,Data!I:I) -> 572700.8
A22: 21 | B22: Calculate what percentage of total revenue came from Credit Card payments. | C22: =SUMIF(Data!J:J,"Credit Card",Data!I:I)/SUM(Data!I:I) -> 0.16027743 | E22: East | F22: =SUMIF(Data!D:D,Formula_Practice!E22,Data!I:I) -> 238662.81
A23: 22 | B23: Find the cumulative (running) total of TotalAmount for just the first 5 orders (rows 2 to 6). | C23: =SUM(Data!I2:I6) -> 39207.05 | E23: Central | F23: =SUMIF(Data!D:D,Formula_Practice!E23,Data!I:I) -> 386301.12
A24: 23 | B24: Find the difference in total revenue between the North region and the South region. | C24: =F25-F21 -> -69165.16 | E24: West | F24: =SUMIF(Data!D:D,Formula_Practice!E24,Data!I:I) -> 440222.63
A25: 24 | B25: Check whether the first order's TotalAmount ranks in the top 10 highest orders overall — return TRUE or FALSE. | C25: =IF(_xlfn.RANK.EQ(Data!I2,Data!I:I,0)<=10,"True","False") -> False | E25: North | F25: =SUMIF(Data!D:D,Formula_Practice!E25,Data!I:I) -> 503535.64
A26: 25 | B26: Find the most common Quantity value ordered (the mode of a numeric column — use MODE.SNGL), and how many orders had that quantity. | C26: =_xlfn.MODE.SNGL(Data!G:G) -> 5 | D26: =COUNTIF(Data!G:G,"=5") -> 23 | E26: 0 | F26: =SUMIF(Data!D:D,Formula_Practice!E26,Data!I:I) -> 0
A27: 26 | B27: Using SUMIFS, find total revenue for orders that are 'Electronics' category, paid via 'Credit Card', with Quantity greater than 3. | C27: =SUMIFS(Data!I:I,Data!E:E,"Electronics",Data!J:J,"Credit Card",Data!G:G,">3") -> 83787.16
A28: 27 | B28: Extract just the day-of-month number (1-31) from the first order's OrderDate (use DAY). | C28: =DAY(Data!B2) -> 9
A29: 28 | B29: Find how many orders fall within the last 30 days of the dataset's date range (relative to the latest OrderDate). | C29: =COUNTIF(Data!B:B,">"&(MAX(Data!B:B)-30)) -> 16
B31: Note: All questions refer to the 'Data' sheet (range A2:J161). All order dates fall within 2025.
