Workbook

Sheet Data
A1: OrderID | B1: OrderDate | C1: CustomerName | D1: Region | E1: Category | F1: Product | G1: Quantity | H1: UnitPrice | I1: TotalAmount | J1: PaymentMethod
A2: ORD5001 | B2: 45858 | C2: Vihaan Verma | D2: West | E2: Grocery | F2: Honey Jar | G2: 1 | H2: 3248.18 | I2: =G2*H2 -> 3248.18 | J2: Net Banking
A3: ORD5002 | B3: 45858 | C3: Vihaan Verma | D3: Central | E3: Apparel | F3: Denim Jacket | G3: 3 | H3: 4961 | I3: =G3*H3 -> 14883 | J3: Net Banking
A4: ORD5003 | B4: 45858 | C4: Aarav Mehta | D4: West | E4: Electronics | F4: Wireless Mouse | G4: 3 | H4: 2363.25 | I4: =G4*H4 -> 7089.75 | J4: Credit Card
A5: ORD5004 | B5: 45858 | C5: Arjun Sharma | D5: East | E5: Home | F5: Storage Box | G5: 7 | H5: 151.72 | I5: =G5*H5 -> 1062.04 | J5: Cash on Delivery
A6: ORD5005 | B6: 45858 | C6: Saanvi Malhotra | D6: Central | E6: Home | F6: Table Lamp | G6: 2 | H6: 2251.02 | I6: =G6*H6 -> 4502.04 | J6: Credit Card
A7: ORD5006 | B7: 45858 | C7: Aditya Kapoor | D7: West | E7: Electronics | F7: Webcam | G7: 7 | H7: 291.31 | I7: =G7*H7 -> 2039.17 | J7: UPI
A8: ORD5007 | B8: 45792 | C8: Aryan Gupta | D8: North | E8: Grocery | F8: Olive Oil 1L | G8: 7 | H8: 1839.58 | I8: =G8*H8 -> 12877.06 | J8: Debit Card
A9: ORD5008 | B9: 45872 | C9: Saanvi Malhotra | D9: South | E9: Home | F9: Cushion Cover | G9: 2 | H9: 4150.07 | I9: =G9*H9 -> 8300.14 | J9: Credit Card
A10: ORD5009 | B10: 45923 | C10: Aarav Mehta | D10: Central | E10: Home | F10: Cushion Cover | G10: 5 | H10: 3914.24 | I10: =G10*H10 -> 19571.2 | J10: Net Banking
A11: ORD5010 | B11: 45846 | C11: Tanvi Nair | D11: Central | E11: Home | F11: Photo Frame | G11: 2 | H11: 3203.65 | I11: =G11*H11 -> 6407.3 | J11: Cash on Delivery
A12: ORD5011 | B12: 45855 | C12: Kiara Joshi | D12: North | E12: Stationery | F12: Highlighter Pack | G12: 1 | H12: 1845.27 | I12: =G12*H12 -> 1845.27 | J12: Net Banking
A13: ORD5012 | B13: 45813 | C13: Kiara Joshi | D13: North | E13: Stationery | F13: Desk Organizer | G13: 6 | H13: 4376.26 | I13: =G13*H13 -> 26257.56 | J13: Cash on Delivery
... A151: ORD5150 | B151: 45714 | C151: Aditya Joshi | D151: West | E151: Electronics | F151: Webcam | G151: 1 | H151: 2096.89 | I151: =G151*H151 -> 2096.89 | J151: Debit Card

Sheet Formula_Practice
A1: # | B1: Question | C1: Your Formula / Answer
A2: 1 | B2: Find total revenue for all orders EXCEPT those paid via 'Cash on Delivery' (use a <> not-equal-to condition). | C2: =SUMIF(Data!J:J,"<>Cash on Delivery",Data!I:I) -> 1485628.6
A3: 2 | B3: Using VLOOKUP, find the CustomerName for OrderID 'ORD5050'. | C3: =VLOOKUP("ORD5050",Data!A1:J151,3,TRUE) -> Aditya Kapoor
A4: 3 | B4: Convert the first order's CustomerName to all UPPERCASE letters. | C4: =UPPER(Data!C2) -> VIHAAN VERMA
A5: 4 | B5: Convert the first order's CustomerName to Proper Case (first letter of each word capitalized). | C5: =PROPER(Data!C2) -> Vihaan Verma
A6: 5 | B6: Using the IFS function (not nested IF), classify the first order's TotalAmount as 'Low' (<2000), 'Medium' (2000-8000), or 'High' (>8000). | C6: {=_xlfn.IFS(Data!I2<2000,"Low",Data!I2>=2000,"Medium",Data!I2<=8000,"Medium",Data!I2>8000,"High")} -> Medium
A7: 6 | B7: Find the average value of the top 5 highest-value orders (not the sum — the average). | C7: {=AVERAGE(LARGE(Data!I:I,_xlfn.SEQUENCE(5)))} -> 41431.338
A8: 7 | B8: Find the number of calendar days between the earliest and latest OrderDate in the dataset. | C8: =MAX(Data!B:B)-MIN(Data!B:B) -> 353
A9: 8 | B9: Find total revenue for orders that are ('Electronics' OR 'Home') category AND paid via 'UPI' (combined AND + OR condition). | C9: {=SUM(SUMIFS(Data!I:I,Data!E:E,{"Electronics","Home"},Data!J:J,"UPI"))} -> 211938.96
A10: 9 | B10: Count how many customer names contain a space character (i.e., have a visible first and last name). | C10: =COUNTIF(Data!C2:C151,"* *") -> 150
A11: 10 | B11: Find total revenue for orders placed within the first 7 days of the dataset's date range (relative to the earliest OrderDate). | C11: =SUMIFS(Data!I2:I151,Data!B2:B151,">="&MIN(Data!B2:B151),Data!B2:B151,"<"&MIN(Data!B2:B151)+7) -> 57778.84
A12: 11 | B12: Identify which Region has the SECOND-highest total revenue (not the highest — the second). | C12: North | E12: {=_xlfn.UNIQUE(Data!D:D)} -> Region
A13: 12 | B13: Count how many orders have a Quantity greater than the average Quantity across all orders. | C13: =COUNTIF(Data!G2:G151,">"&AVERAGE(Data!G2:G151)) -> 74 | E13: West | F13: =SUMIF(Data!D:D,Formula_Practice!E13,Data!I:I) -> 339144.84
A14: 13 | B14: Find total revenue for orders where UnitPrice is above the overall average UnitPrice. | C14: =SUMIF(Data!H2:H151,">"&AVERAGE(Data!H2:H151),Data!I2:I151) -> 1282768.8 | E14: Central | F14: =SUMIF(Data!D:D,Formula_Practice!E14,Data!I:I) -> 349557.74
A15: 14 | B15: Using COUNTIFS (or SUMPRODUCT), count how many orders are in EITHER the 'Grocery' OR 'Stationery' category. | C15: {=SUMPRODUCT((Data!E2:E151="Grocery")+(Data!E2:E151="Stationery"))} -> 61 | E15: East | F15: =SUMIF(Data!D:D,Formula_Practice!E15,Data!I:I) -> 306789.67
A16: 15 | B16: Find the total number of characters in the first order's CustomerName (use LEN). | C16: =LEN(Data!C2) -> 12 | E16: North | F16: =SUMIF(Data!D:D,Formula_Practice!E16,Data!I:I) -> 362048.19
A17: 16 | B17: Build a summary label for the first order formatted as 'OrderID | Region | Category', e.g. 'ORD5001 | North | Electronics'. | C17: =_xlfn.TEXTJOIN(" | ",TRUE,Data!A2,Data!D2,Data!E2) -> ORD5001 | West | Grocery | E17: South | F17: =SUMIF(Data!D:D,Formula_Practice!E17,Data!I:I) -> 491254.65
A18: 17 | B18: Find how many unique Products were sold specifically within the 'Home' category. | C18: {=COUNTA(_xlfn.UNIQUE(_xlfn._xlws.FILTER(Data!F2:F151,Data!E2:E151="Home","Empty")))} -> 5 | E18: 0
A19: 18 | B19: Find the single busiest OrderDate (the date with the most orders), and how many orders fell on it. | C19: =INDEX(Data!B:B,MATCH(MODE(Data!B:B),Data!B:B,0)) -> 45858 | D19: =COUNTIF(Data!B:B,Formula_Practice!C19) -> 6
A20: 19 | B20: Check whether total revenue across the whole dataset exceeds 2,000,000 — return 'Yes' or 'No'. | C20: =IF(SUM(Data!I:I)>2000000,"Yes","No") -> No
A21: 20 | B21: Calculate what percentage of orders were paid using a method OTHER than 'Credit Card' or 'Debit Card'. | C21: {=SUMPRODUCT((Data!J2:J151<>"Credit Card")*(Data!J2:J151<>"Debit Card"))/COUNTA(Data!A2:A151)*100} -> 56.666667
A22: 21 | B22: Using SUMPRODUCT, find total revenue for orders where Region is 'West' AND Quantity is at least 5. | C22: {=SUMPRODUCT((Data!D2:D151="West")*(Data!G2:G151<=5)*(Data!I2:I151))} -> 143243.85
A23: 22 | B23: Find the average number of orders placed per unique customer (total orders divided by unique customer count). | C23: =COUNTA(Data!A2:A151)/COUNTA(_xlfn.UNIQUE(Data!C2:C151)) -> 3.9473684
A24: 23 | B24: Find the total lifetime revenue (sum of TotalAmount) generated by the single customer who placed the most orders. | C24: =SUMIF(Data!C:C,Formula_Practice!D24,Data!I:I) -> 165051.51 | D24: {=INDEX(Data!C2:C151,MATCH(MAX(COUNTIF(Data!C2:C151,Data!C2:C151)),COUNTIF(Data!C2:C151,Data!C2:C151),0))} -> Ira Verma
A25: 24 | B25: Count how many CustomerNames end with the letter 'a' (e.g. 'Meera', 'Diya') using a wildcard. | C25: =COUNTIF(Data!C:C,"*a") -> 73
A26: 25 | B26: Identify which Category has the LOWEST average UnitPrice (not total revenue — average unit price). | C26: Apparel | E26: {=_xlfn.UNIQUE(Data!E:E)} -> Category
E27: Grocery | F27: =AVERAGEIF(Data!E:E,Formula_Practice!E27,Data!H:H) -> 2443.1021
B28: Note: All questions refer to the 'Data' sheet (range A2:J151). All order dates fall within 2025. | E28: Apparel | F28: =AVERAGEIF(Data!E:E,Formula_Practice!E28,Data!H:H) -> 2044.8417
E29: Electronics | F29: =AVERAGEIF(Data!E:E,Formula_Practice!E29,Data!H:H) -> 2609.5908
E30: Home | F30: =AVERAGEIF(Data!E:E,Formula_Practice!E30,Data!H:H) -> 2061.7432
E31: Stationery | F31: =AVERAGEIF(Data!E:E,Formula_Practice!E31,Data!H:H) -> 2861.673
E32: 0 | F32: =AVERAGEIF(Data!E:E,Formula_Practice!E32,Data!H:H) -> #DIV/0!
