Workbook

Sheet Data
A1: SubID | B1: SignupDate | C1: UserName | D1: Country | E1: Plan | F1: Device | G1: FavGenre | H1: MonthlyFee | I1: WatchHours | J1: Status | L1: quarter | M1: year
A2: 5000 | B2: 45720 | C2: Devansh Shah | D2: Germany | E2: Standard | F2: Smart TV | G2: Documentary | H2: 399 | I2: 76.1 | J2: Cancelled | L2: =ROUNDUP(MONTH(B2)/3,0) -> 1 | M2: =YEAR(B2) -> 2025
A3: 5001 | B3: 45809 | C3: Sanjay Verma | D3: USA | E3: Standard | F3: Mobile | G3: Drama | H3: 399 | I3: 34 | J3: Paused | L3: =ROUNDUP(MONTH(B3)/3,0) -> 2 | M3: =YEAR(B3) -> 2025
A4: 5002 | B4: 45362 | C4: Ishaan Rao | D4: USA | E4: Family | F4: Tablet | G4: Drama | H4: 899 | I4: 39.9 | J4: Paused | L4: =ROUNDUP(MONTH(B4)/3,0) -> 1 | M4: =YEAR(B4) -> 2024
A5: 5003 | B5: 45922 | C5: Meera Pillai | D5: India | E5: Family | F5: Smart TV | G5: Thriller | H5: 899 | I5: 45.3 | J5: Active | L5: =ROUNDUP(MONTH(B5)/3,0) -> 3 | M5: =YEAR(B5) -> 2025
A6: 5004 | B6: 45315 | C6: Ishaan Rao | D6: Japan | E6: Premium | F6: Mobile | G6: Drama | H6: 649 | I6: 73 | J6: Active | L6: =ROUNDUP(MONTH(B6)/3,0) -> 1 | M6: =YEAR(B6) -> 2024
A7: 5005 | B7: 45456 | C7: Sanjay Verma | D7: Japan | E7: Family | F7: Smart TV | G7: Documentary | H7: 899 | I7: 44.1 | J7: Active | L7: =ROUNDUP(MONTH(B7)/3,0) -> 2 | M7: =YEAR(B7) -> 2024
A8: 5006 | B8: 45773 | C8: Farhan Ali | D8: USA | E8: Basic | F8: Mobile | G8: Comedy | H8: 199 | I8: 19.6 | J8: Paused | L8: =ROUNDUP(MONTH(B8)/3,0) -> 2 | M8: =YEAR(B8) -> 2025
A9: 5007 | B9: 45417 | C9: Sanjay Verma | D9: Germany | E9: Basic | F9: Console | G9: Documentary | H9: 199 | I9: 18.9 | J9: Active | L9: =ROUNDUP(MONTH(B9)/3,0) -> 2 | M9: =YEAR(B9) -> 2024
A10: 5008 | B10: 45590 | C10: Tanvi Joshi | D10: Germany | E10: Family | F10: Console | G10: Documentary | H10: 899 | I10: 29.3 | J10: Cancelled | L10: =ROUNDUP(MONTH(B10)/3,0) -> 4 | M10: =YEAR(B10) -> 2024
A11: 5009 | B11: 45564 | C11: Aarav Mehta | D11: India | E11: Family | F11: Tablet | G11: Documentary | H11: 899 | I11: 1.3 | J11: Active | L11: =ROUNDUP(MONTH(B11)/3,0) -> 3 | M11: =YEAR(B11) -> 2024
A12: 5010 | B12: 45877 | C12: Nisha Reddy | D12: UK | E12: Standard | F12: Console | G12: Thriller | H12: 399 | I12: 11 | J12: Paused | L12: =ROUNDUP(MONTH(B12)/3,0) -> 3 | M12: =YEAR(B12) -> 2025
A13: 5011 | B13: 45933 | C13: Tanvi Joshi | D13: UK | E13: Standard | F13: Smart TV | G13: Thriller | H13: 399 | I13: 83.7 | J13: Active | L13: =ROUNDUP(MONTH(B13)/3,0) -> 4 | M13: =YEAR(B13) -> 2025
... A131: 5129 | B131: 45936 | C131: Zara Khan | D131: Germany | E131: Premium | F131: Laptop | G131: Action | H131: 649 | I131: 53.2 | J131: Active | L131: =ROUNDUP(MONTH(B131)/3,0) -> 4 | M131: =YEAR(B131) -> 2025

Sheet Formula Test
A1: Streaming Service Formula Test
A2: Use the Data sheet (rows 2-131) as your source. Write one formula per answer cell in column B. | D2: {=_xlfn.UNIQUE(Data!D2:D131)} -> Germany | E2: =SUMIFS(Data!I2:I131,Data!D2:D131,'Formula Test'!D2,Data!E2:E131,"Premium") -> 400
D3: USA | E3: =SUMIFS(Data!I3:I132,Data!D3:D132,'Formula Test'!D3,Data!E3:E132,"Premium") -> 258.1
A4: Q1. Total MonthlyFee collected from 'Premium' plan subscribers in 'India'. | B4: =SUMIFS(Data!H2:H131,Data!D2:D131,"India",Data!E2:E131,"Premium") -> 2596 | D4: India | E4: =SUMIFS(Data!I4:I133,Data!D4:D133,'Formula Test'!D4,Data!E4:E133,"Premium") -> 195.2
A5: Q2. Count of subscribers on the 'Family' plan with Status='Cancelled'. | B5: =COUNTIFS(Data!E2:E131,"Family",Data!J2:J131,"Cancelled") -> 12 | D5: Japan | E5: =SUMIFS(Data!I5:I134,Data!D5:D134,'Formula Test'!D5,Data!E5:E134,"Premium") -> 330.4
A6: Q3. Look up the Plan for SubID 5075, with a safe fallback if it isn't found. | B6: =_xlfn.XLOOKUP(5075,Data!A2:A131,Data!E2:E131,"Not found") -> Family | D6: UK | E6: =SUMIFS(Data!I6:I135,Data!D6:D135,'Formula Test'!D6,Data!E6:E135,"Premium") -> 62.3
A7: Q4. Average WatchHours for 'Standard' plan users who use a 'Smart TV'. | B7: =AVERAGEIFS(Data!I2:I131,Data!E2:E131,"Standard",Data!F2:F131,"Smart TV") -> 46.485714 | D7: Brazil | E7: =SUMIFS(Data!I7:I136,Data!D7:D136,'Formula Test'!D7,Data!E7:E136,"Premium") -> 330.9
A8: Q5. Total monthly revenue across the entire dataset for subscribers with Status='Active' only, without adding a helper column. | B8: =SUMIF(Data!J2:J131,"Active",Data!H2:H131) -> 31247
A9: Q6. Classify SubID 5000's engagement as 'Low' (WatchHours<=20), 'Medium' (20-60), or 'High' (60+). | B9: {=_xlfn.IFS(Data!I2<=20,"Low",Data!I2<=60,"Medium",Data!I2>60,"High")} -> High
A10: Q7. Extract the month name and year (e.g. 'March 2024') from the SignupDate of SubID 5010. | B10: =TEXT(Data!B12,"mmmm yyyy") -> August 2025
A11: Q8. Return the MonthlyFee where Country='Japan' and FavGenre='Thriller', using an array-style match (no helper column). | B11: {=INDEX(Data!H2:H131,MATCH(1,(Data!D2:D131="Japan")*(Data!G2:G131="Thriller"),0))} -> 199 | D11: ans9 | F11: ans10 | H11: ans19
A12: Q9. Return a unique, alphabetically sorted list of all Countries as a spilled array. | B12: done in right | D12: {=_xlfn._xlws.SORT(_xlfn.UNIQUE(Data!D2:D131))} -> Brazil | F12: {=_xlfn._xlws.FILTER(Data!A2:A131,(Data!F2:F131="Console")*(Data!J2:J131="Active"),"Null")} -> 5007 | H12: {=_xlfn.UNIQUE(Data!E2:E131)} -> Standard | I12: =SUMIF(Data!E2:E131,'Formula Test'!H12,Data!I2:I131) -> 1691.3
A13: Q10. Return all SubIDs where Device='Console' AND Status='Active', as a spilled array. | B13: done in right | D13: Germany | F13: 5027 | H13: Family | I13: =SUMIF(Data!E3:E132,'Formula Test'!H13,Data!I3:I132) -> 1331.9
A14: Q11. Count how many UserNames contain the word 'Kapoor' anywhere in the dataset. | B14: =COUNTIF(Data!C2:C131,"*Kapoor*") -> 6 | D14: India | F14: 5036 | H14: Premium | I14: =SUMIF(Data!E4:E133,'Formula Test'!H14,Data!I4:I133) -> 1576.9
A15: Q12. Find the Country with the highest total WatchHours among 'Premium' plan subscribers, using formulas only (no pivot table). | B15: Germany | D15: Japan | F15: 5069 | H15: Basic | I15: =SUMIF(Data!E5:E134,'Formula Test'!H15,Data!I5:I134) -> 1048.7
A16: Q13. Calculate the total number of unique UserNames who subscribed to the 'Basic' plan. | B16: {=COUNTA(_xlfn.UNIQUE(_xlfn._xlws.FILTER(Data!C2:C131,Data!E2:E131="Basic","null")))} -> 13 | D16: UK | F16: 5080
A17: Q14. Find the second-lowest MonthlyFee in the entire dataset. | B17: =SMALL(Data!H2:H131,2) -> 199 | D17: USA | F17: 5083
A18: Q15. Return the UserName associated with the highest WatchHours on record. | B18: =_xlfn.XLOOKUP(MAX(Data!I2:I131),Data!I2:I131,Data!C2:C131,"null") -> Aditya Iyer | F18: 5109
A19: Q16. Count the number of subscribers who signed up in Q4 2024 (Oct-Dec). | B19: =COUNTIFS(Data!L2:L131,4,Data!M2:M131,2024) -> 15 | D19: ref ans15 | F19: 5114
A20: Q17. Calculate the percentage of subscribers with Status='Paused'. | B20: =COUNTIF(Data!J2:J131,"Paused")/COUNTA(Data!J2:J131) -> 0.31538462 | D20: {=_xlfn.UNIQUE(Data!C2:C131)} -> Devansh Shah | E20: =SUMIF(Data!C2:C131,'Formula Test'!D20,Data!I2:I131) -> 275.9 | F20: 5123
A21: Q18. Return the most frequently chosen FavGenre overall. | B21: {=INDEX(Data!G2:G131,_xlfn.MODE.SNGL(MATCH(Data!G2:G131,Data!G2:G131,0)))} -> Action | D21: Sanjay Verma | E21: =SUMIF(Data!C3:C132,'Formula Test'!D21,Data!I3:I132) -> 274.7
A22: Q19. Find the total WatchHours generated by each Plan, broken out into a small 4-row summary table using formulas (not a pivot table). | B22: done in right | D22: Ishaan Rao | E22: =SUMIF(Data!C4:C133,'Formula Test'!D22,Data!I4:I133) -> 599.9
A23: Q20. Extract just the day of the week (e.g. 'Monday') for the SignupDate of SubID 5040. | B23: =TEXT(Data!B42,"dddd") -> Tuesday | D23: Meera Pillai | E23: =SUMIF(Data!C5:C134,'Formula Test'!D23,Data!I5:I134) -> 270.3
A24: Q21. Return the average MonthlyFee for subscribers with WatchHours greater than 50. | B24: =AVERAGEIF(Data!I2:I131,">50",Data!H2:H131) -> 525.41509 | D24: Farhan Ali | E24: =SUMIF(Data!C6:C135,'Formula Test'!D24,Data!I6:I135) -> 437.2
A25: Q22. Find the Device that has been used by the most subscribers overall. | B25: {=INDEX(Data!F2:F131,_xlfn.MODE.SNGL(MATCH(Data!F2:F131,Data!F2:F131,0)))} -> Smart TV | D25: Tanvi Joshi | E25: =SUMIF(Data!C7:C136,'Formula Test'!D25,Data!I7:I136) -> 303.4
A26: Q23. Return the number of distinct FavGenres chosen by subscribers on the 'Family' plan. | B26: {=COUNTA(_xlfn.UNIQUE(_xlfn._xlws.FILTER(Data!G2:G131,Data!E2:E131="Family","null")))} -> 5 | D26: Aarav Mehta | E26: =SUMIF(Data!C8:C137,'Formula Test'!D26,Data!I8:I137) -> 379.2
A27: Q24. Calculate the total number of months between SubID 5005's SignupDate and today's date, rounded down. | B27: =DATEDIF(_xlfn.XLOOKUP(5005,Data!A:A,Data!B:B),TODAY(),"m") -> 24 | D27: Nisha Reddy | E27: =SUMIF(Data!C9:C138,'Formula Test'!D27,Data!I9:I138) -> 203
A28: Q25. Return TRUE or FALSE for whether every 'Basic' plan subscriber has WatchHours under 80. | B28: {=SUMPRODUCT((Data!E2:E131="Basic")*(Data!I2:I131<80))=0} -> FALSE | D28: Diya Kapoor | E28: =SUMIF(Data!C10:C139,'Formula Test'!D28,Data!I10:I139) -> 265.9 | F28: =MAX(E20:E34) -> 623.2
A29: Q26. Concatenate the UserName and Country into a single string separated by a hyphen for SubID 5020 (e.g. 'Aarav Mehta-India'). | B29: =_xlfn.TEXTJOIN("-",TRUE,Data!C22,Data!D22) -> Aditya Iyer-Japan | D29: Priyanka Rao | E29: =SUMIF(Data!C11:C140,'Formula Test'!D29,Data!I11:I140) -> 271.3
A30: Q27. Find the earliest and latest SignupDate in the dataset, displayed as a single text string like 'Jan-2024 to Dec-2025'. | B30: =_xlfn.TEXTJOIN(" to ",TRUE,B35,B36) -> Jan-2024 to Dec-2025 | D30: Kavya Nair | E30: =SUMIF(Data!C12:C141,'Formula Test'!D30,Data!I12:I141) -> 623.2
D31: Aditya Iyer | E31: =SUMIF(Data!C13:C142,'Formula Test'!D31,Data!I13:I142) -> 392.6
B32: ref ans27 | D32: Rohan Gupta | E32: =SUMIF(Data!C14:C143,'Formula Test'!D32,Data!I14:I143) -> 276.7
B33: =MIN(Data!B2:B131) -> 45295 | D33: Ananya Bose | E33: =SUMIF(Data!C15:C144,'Formula Test'!D33,Data!I15:I144) -> 488.5
B34: =MAX(Data!B2:B131) -> 46020 | D34: Zara Khan | E34: =SUMIF(Data!C16:C145,'Formula Test'!D34,Data!I16:I145) -> 587
B35: =TEXT(B33,"mmm-yyyy") -> Jan-2024
B36: =TEXT(B34,"mmm-yyyy") -> Dec-2025
